Age,Attrition,BusinessTravel,DailyRate,Department,DistanceFromHome,Education,EducationField,EnvironmentSatisfaction,Gender,HourlyRate,JobInvolvement,JobLevel,JobSatisfaction,MaritalStatus,MonthlyIncome,MonthlyRate,NumCompaniesWorked,OverTime,PercentSalaryHike,PerformanceRating,RelationshipSatisfaction,StockOptionLevel,TotalWorkingYears,TrainingTimesLastYear,WorkLifeBalance,YearsAtCompany,YearsInCurrentRole,YearsSinceLastPromotion,YearsWithCurrManager
58,0,1,605,2,21,3,1,4,0,72,3,4,4,1,17875,11761,4,1,13,3,3,1,29,2,2,1,0,0,0
45,0,1,950,1,28,3,5,4,1,97,3,1,4,1,2132,4585,4,0,20,4,4,1,8,3,3,5,4,0,3
40,0,1,300,2,26,3,2,3,1,74,3,2,1,1,8396,22217,1,0,14,3,2,1,8,3,2,7,7,7,5
36,0,0,1434,2,8,4,1,1,1,76,2,3,1,0,7587,14229,1,0,15,3,2,0,10,1,3,10,7,0,9
25,1,2,599,2,24,1,1,3,1,73,1,1,4,0,1118,8040,1,1,14,3,4,0,1,4,3,1,0,1,0
52,0,1,1490,1,4,2,1,4,0,30,3,4,4,1,16555,10310,2,0,13,3,4,0,31,2,1,5,2,1,4
47,0,1,207,1,9,4,1,2,0,64,3,1,3,0,2105,5411,4,0,12,3,3,0,7,2,3,2,2,2,0
26,0,1,390,1,17,4,3,4,1,62,1,1,3,1,2305,6217,1,0,15,3,3,3,3,3,4,3,2,0,2
24,0,0,830,2,13,2,1,4,0,78,3,1,2,1,2033,7103,1,0,13,3,3,1,1,2,3,1,0,0,0
27,0,1,608,1,1,2,1,3,0,68,3,3,1,1,7412,6009,1,0,11,3,4,0,9,3,3,9,7,0,7
30,0,1,793,1,16,1,1,2,1,33,3,1,4,1,2862,3811,1,0,12,3,2,1,10,2,2,10,0,0,8
47,0,1,1001,1,4,3,1,3,0,92,2,3,2,2,10333,19271,8,1,12,3,3,1,28,4,3,22,11,14,10
47,0,2,1309,2,4,1,3,2,1,99,3,2,3,0,2976,25751,3,0,19,3,1,0,5,3,3,0,0,0,0
34,1,2,988,0,23,3,0,2,0,43,3,3,1,2,9950,11533,9,1,15,3,3,3,11,2,3,3,2,0,2
45,0,1,1329,1,2,2,4,4,0,59,2,2,4,2,5770,5388,1,0,19,3,1,2,10,3,3,10,7,3,9
38,0,1,433,0,1,3,0,3,1,37,4,1,3,1,2844,6004,1,0,13,3,4,1,7,2,4,7,6,5,0
38,0,2,653,1,29,5,1,4,0,50,3,2,4,0,2406,5456,1,0,11,3,4,0,10,2,3,10,3,9,9
29,0,2,806,1,1,4,1,2,1,76,1,1,4,2,2720,18959,1,0,18,3,4,1,10,5,3,10,7,2,8
34,0,1,401,1,1,3,1,4,0,86,2,1,2,1,3294,3708,5,0,17,3,1,1,7,2,2,5,4,0,2
30,0,1,1334,2,4,2,3,3,0,63,2,2,2,2,5209,19760,1,1,12,3,2,3,11,4,2,11,8,2,7
27,0,1,486,1,8,3,3,2,0,86,4,1,3,1,3517,22490,7,0,17,3,1,0,5,0,3,3,2,0,2
35,0,1,1343,1,27,1,3,3,0,53,2,1,1,0,2559,17852,1,0,11,3,4,0,6,3,2,6,5,1,1
32,0,0,1184,1,1,3,1,3,0,70,2,1,2,1,2332,3974,6,0,20,4,3,0,5,3,3,3,0,0,2
35,0,1,464,1,4,2,4,3,1,75,3,1,4,2,1951,10910,1,0,12,3,3,1,1,3,3,1,0,0,0
34,0,0,999,1,26,1,5,1,0,92,2,1,3,2,2029,15891,1,0,20,4,3,3,5,2,3,5,4,0,0
31,0,1,746,1,8,4,1,3,0,61,3,2,4,0,4424,20682,1,0,23,4,4,0,11,2,3,11,7,1,8
19,1,1,489,0,2,2,5,1,1,52,2,1,4,0,2564,18437,1,0,12,3,3,0,1,3,4,1,0,0,0
55,0,1,478,1,2,3,3,3,1,60,2,5,1,1,19038,19805,8,0,12,3,2,3,34,2,3,1,0,0,0
38,0,0,152,2,10,3,5,3,0,85,3,2,4,0,5666,19899,1,1,13,3,2,0,6,1,3,5,3,1,3
20,1,1,500,2,2,3,3,3,0,49,2,1,3,0,2044,22052,1,0,13,3,4,0,2,3,2,2,2,0,2
34,0,1,470,1,2,4,1,4,1,84,2,2,1,1,5957,23687,6,0,13,3,2,1,13,3,3,11,9,5,9
36,0,1,928,2,1,2,1,2,1,56,3,2,4,1,6201,2823,1,1,14,3,4,1,18,1,2,18,14,4,11
49,0,1,464,1,16,3,3,4,0,74,3,1,1,2,2587,24941,4,1,16,3,2,1,17,2,2,2,2,2,2
40,0,1,804,1,2,1,3,4,0,86,2,1,4,0,2342,22929,0,1,20,4,4,0,5,2,2,4,2,2,3
40,0,1,989,1,4,1,3,4,0,46,3,5,3,1,19033,6499,1,0,14,3,2,1,21,2,3,20,8,9,9
51,0,1,1169,1,7,4,3,2,1,34,2,2,3,1,6132,13983,2,0,17,3,3,0,10,2,3,1,0,0,0
60,0,1,696,2,7,4,2,2,1,52,4,2,4,2,5220,10893,0,1,18,3,2,1,12,3,3,11,7,1,9
31,0,1,192,1,2,4,1,3,1,32,3,1,4,2,2695,7747,0,1,18,3,2,1,3,2,1,2,2,2,2
38,0,2,216,1,23,3,1,4,1,44,2,3,3,0,9526,8787,0,0,21,4,2,0,10,2,3,9,7,1,8
27,1,1,135,1,17,4,1,4,0,51,3,1,3,0,2394,25681,1,1,13,3,4,0,8,2,3,8,2,7,7
29,0,1,592,1,7,3,1,4,1,59,3,1,1,0,2062,19384,3,0,14,3,2,0,11,2,3,3,2,1,2
60,0,2,1499,2,28,3,2,3,0,80,2,3,1,1,10266,2845,4,0,19,3,4,0,22,5,4,18,13,13,11
38,0,1,168,1,1,3,1,3,0,81,3,3,3,0,7861,15397,4,1,14,3,4,0,10,4,4,1,0,0,0
31,0,1,1274,1,9,1,1,3,1,33,3,3,2,2,10648,14394,1,0,25,4,4,1,13,6,4,13,8,0,8
36,0,1,913,1,9,2,3,2,1,48,2,2,2,2,8847,13934,2,1,11,3,3,1,13,2,3,3,2,0,2
34,0,1,1480,2,4,3,1,3,1,64,3,3,4,1,9713,24444,2,1,13,3,4,3,9,3,3,5,3,1,0
37,0,2,1231,2,21,2,3,3,0,54,3,1,4,1,2973,21222,5,0,15,3,2,1,10,3,3,5,4,0,0
29,1,1,805,1,1,2,1,2,0,36,2,1,1,1,2319,6689,1,1,11,3,4,1,1,1,3,1,0,0,0
27,0,1,511,2,2,2,3,1,0,89,4,2,3,0,6500,26997,0,0,14,3,2,0,9,5,2,8,7,0,7
29,0,1,991,2,5,3,3,1,1,43,2,2,2,2,4187,3356,1,1,13,3,2,1,10,3,2,10,0,0,9
34,0,2,669,1,1,3,3,4,1,97,2,2,1,0,5343,25755,0,0,20,4,3,0,14,3,3,13,9,4,9
35,0,1,819,1,18,5,1,2,1,48,4,2,1,1,5208,26312,1,0,11,3,4,0,16,2,3,16,15,1,10
25,0,1,883,2,26,1,3,3,0,32,3,2,4,0,6180,22807,1,0,23,4,2,0,6,5,2,6,5,1,4
60,0,1,422,1,7,3,1,1,0,41,3,5,1,1,19566,3854,5,0,11,3,4,0,33,5,1,29,8,11,10
36,0,0,1229,2,8,4,5,1,1,84,3,2,4,2,5079,25952,4,0,13,3,4,2,12,3,3,7,7,0,7
27,0,1,1115,1,3,4,3,1,1,54,2,1,4,0,2045,15174,0,0,13,3,4,0,5,0,3,4,2,1,1
24,0,1,1206,1,17,1,3,4,0,41,2,2,3,2,4377,24117,1,0,15,3,2,2,5,6,3,4,2,3,2
21,0,0,895,2,9,2,3,1,1,39,3,1,4,0,2610,2851,1,0,24,4,3,0,3,3,2,3,2,2,2
33,0,2,430,2,7,3,3,4,1,54,3,2,1,1,4373,17456,0,0,14,3,1,2,5,2,3,4,3,0,3
32,0,2,430,1,24,4,1,1,1,80,3,2,4,1,5309,21146,1,0,15,3,4,2,10,2,3,10,8,4,7
34,0,1,121,1,2,4,3,3,0,86,2,1,1,0,4381,7530,1,0,11,3,3,0,6,3,3,6,5,1,3
40,0,0,663,1,9,4,4,3,1,81,3,2,3,2,3975,23099,3,0,11,3,3,2,11,2,4,8,7,0,7
34,0,1,970,1,8,2,3,2,0,96,3,2,3,0,6142,7360,3,0,11,3,4,0,10,2,3,5,1,4,3
33,0,1,461,1,13,1,1,2,0,53,3,1,4,0,3452,17241,3,0,18,3,1,0,5,4,3,3,2,0,2
46,0,1,406,2,3,1,2,1,1,52,3,4,3,1,17465,15596,3,0,12,3,4,1,23,3,3,12,9,4,9
27,0,2,1297,1,5,2,1,4,0,53,3,1,4,0,2379,19826,0,1,14,3,3,0,6,3,2,5,4,0,2
44,0,1,1199,1,4,2,1,3,1,92,4,5,1,2,19190,17477,1,0,14,3,4,2,26,4,2,25,9,14,13
46,1,1,261,1,21,2,3,4,0,66,3,2,2,1,8926,10842,4,0,22,4,4,1,13,2,4,9,7,3,7
53,0,0,661,1,1,4,3,1,0,60,2,4,3,1,12965,22308,4,1,20,4,4,3,27,2,2,3,2,0,2
35,0,0,1225,1,2,4,1,4,0,61,3,2,1,2,5093,4761,2,0,11,3,1,1,16,2,4,1,0,0,0
31,1,2,874,1,15,3,3,3,1,72,3,1,3,1,2610,6233,1,0,12,3,3,1,2,5,2,2,2,2,2
41,0,1,263,1,6,3,3,4,1,59,3,1,1,0,4721,3119,2,1,13,3,3,0,20,3,3,18,13,2,17
48,0,1,855,1,4,3,1,4,1,54,3,3,4,0,7898,18706,1,0,11,3,3,0,11,2,3,10,9,0,8
31,1,2,754,2,26,4,2,1,1,63,3,2,4,1,5617,21075,1,1,11,3,3,0,10,4,3,10,7,0,8
28,0,0,1476,1,1,3,1,3,0,55,1,2,4,1,6674,16392,0,0,11,3,1,3,10,6,3,9,8,7,5
31,0,1,1276,1,2,1,3,4,0,59,1,1,4,2,1129,17536,1,1,11,3,3,3,1,4,3,1,0,0,0
49,0,1,1490,1,7,4,1,3,1,35,3,3,2,2,10466,20948,3,0,14,3,2,2,29,3,3,8,7,0,7
36,0,2,1302,1,6,4,1,1,1,80,4,2,1,1,5562,19711,3,1,13,3,4,1,9,3,3,3,2,0,2
28,0,0,280,0,1,2,1,3,1,43,3,1,4,2,2706,10494,1,0,15,3,2,1,3,2,3,3,2,2,2
42,0,1,932,1,1,2,1,4,0,43,2,2,4,1,6062,4051,9,1,13,3,4,1,8,4,3,4,3,0,2
31,1,2,307,1,29,2,3,3,1,71,2,1,2,0,3479,11652,0,0,11,3,2,0,6,2,4,5,4,1,4
56,0,2,906,2,6,3,1,3,0,86,4,4,1,1,13212,18256,9,0,11,3,4,3,36,0,2,7,7,7,7
38,0,1,827,1,1,4,1,2,0,33,4,2,4,0,7625,19383,0,0,13,3,3,0,10,4,2,9,7,1,8
36,0,1,796,1,12,5,3,4,0,51,2,3,4,0,8858,15669,0,0,11,3,2,0,15,2,2,14,8,7,8
40,1,1,299,2,25,4,2,4,1,57,2,3,2,0,9094,17235,2,1,12,3,3,0,9,2,3,5,4,1,0
39,0,2,505,1,2,4,5,3,0,64,3,3,3,0,10938,6420,0,0,25,4,4,0,20,1,3,19,6,11,8
37,0,1,558,2,2,3,2,4,1,75,3,2,3,1,9602,3010,4,1,11,3,3,1,17,3,2,3,0,1,0
45,0,2,1199,1,7,4,1,1,1,77,4,2,3,1,6434,5118,4,0,17,3,4,1,9,1,3,3,2,0,2
35,0,1,1137,1,21,1,1,4,0,51,3,2,4,1,4014,19170,1,1,25,4,4,1,10,2,1,10,6,0,7
37,0,1,309,2,10,4,1,4,0,88,2,2,4,2,6694,24223,2,1,14,3,3,3,8,5,3,1,0,0,0
47,0,1,1176,0,26,4,1,4,0,98,3,5,3,1,19658,5220,3,0,11,3,3,1,27,2,3,5,2,1,0
29,1,2,746,2,24,3,5,3,1,45,4,1,1,0,1091,10642,1,0,17,3,4,0,1,3,3,1,0,0,0
50,0,1,813,1,17,5,1,4,0,50,2,3,1,2,13269,21981,5,0,15,3,3,3,19,3,3,14,11,1,11
27,0,1,205,2,10,3,2,4,0,98,2,2,4,1,5769,7100,1,1,11,3,4,0,6,3,3,6,2,4,4
34,0,1,216,2,1,4,2,2,1,75,4,2,4,2,9725,12278,0,0,11,3,4,1,16,2,2,15,1,0,9
35,0,1,185,1,23,4,3,2,1,91,1,1,3,1,2705,9696,0,0,16,3,2,1,6,2,4,5,4,0,3
53,0,1,868,2,8,3,2,1,1,73,3,4,4,1,11836,22789,5,0,14,3,3,1,28,3,3,2,0,2,2
47,1,2,1093,2,9,3,1,3,1,82,1,4,3,1,12936,24164,7,0,11,3,3,0,25,3,1,23,5,14,10
26,0,2,921,1,1,1,3,1,0,66,2,1,3,2,2007,25265,1,0,13,3,3,2,5,5,3,5,3,1,3
29,0,1,718,1,8,1,3,2,1,79,2,2,4,1,5056,17689,1,1,15,3,3,1,10,2,2,10,7,1,2
20,1,1,129,1,4,3,5,1,1,84,3,1,1,0,2973,13008,1,0,19,3,2,0,1,2,3,1,0,0,0
37,0,1,799,1,1,3,5,2,0,59,3,3,4,0,7491,23848,4,0,17,3,4,0,12,3,4,6,5,1,2
42,0,2,748,1,9,2,3,1,0,74,3,1,4,0,3673,16458,1,0,13,3,3,0,12,3,3,12,9,5,8
40,0,2,720,1,16,4,3,1,1,51,2,2,3,0,5094,11983,6,0,14,3,4,0,10,6,3,1,0,0,0
41,0,0,267,2,10,2,1,4,1,56,3,2,4,0,6230,13430,7,0,14,3,4,0,16,3,3,14,3,1,10
52,0,2,322,1,28,2,3,4,0,59,4,4,3,1,13247,9731,2,1,11,3,2,1,24,3,2,5,3,0,2
29,1,1,428,2,9,3,2,2,0,52,1,1,2,0,2760,14630,1,0,13,3,3,0,2,3,3,2,2,2,2
33,0,0,1313,1,1,2,3,2,1,59,2,1,3,2,2008,20439,1,0,12,3,3,3,1,2,2,1,1,0,0
45,0,0,1195,1,2,2,3,1,1,65,2,4,4,1,16792,20462,9,0,23,4,4,1,22,1,3,20,8,11,8
39,0,1,1431,1,1,4,3,3,0,96,3,1,3,2,2232,15417,7,0,14,3,3,3,7,1,3,3,2,1,2
40,0,1,616,1,2,2,1,3,0,99,3,1,1,1,3377,25605,4,0,17,3,4,1,7,5,2,4,3,0,2
35,0,1,882,2,3,4,1,4,1,92,3,3,4,2,7823,6812,6,0,13,3,2,1,12,2,3,10,9,0,8
24,0,1,771,1,1,2,1,2,1,45,2,2,3,0,4617,14120,1,0,12,3,2,0,4,2,2,4,3,1,2
49,0,1,1495,1,5,4,5,1,1,96,3,2,3,1,6651,21534,2,0,14,3,2,1,20,0,2,3,2,1,2
35,0,1,1229,1,8,1,1,4,1,36,4,1,4,1,2269,4892,1,0,19,3,4,0,1,2,3,1,0,0,1
26,0,1,1066,1,2,2,3,4,1,32,4,2,4,1,5472,3334,1,0,12,3,2,0,8,2,3,8,7,1,3
33,1,1,587,1,10,1,3,1,1,38,1,1,4,2,3408,6705,7,0,13,3,1,3,8,2,3,4,3,1,3
55,1,1,725,1,2,3,3,4,1,78,3,5,1,1,19859,21199,5,1,13,3,4,1,24,2,3,5,2,1,4
31,0,0,976,1,3,2,3,3,1,48,3,1,1,2,3065,3995,1,1,13,3,4,1,4,3,4,4,2,2,3
32,0,1,499,2,2,1,2,3,1,36,3,2,2,1,4078,20497,0,1,13,3,1,3,4,3,2,3,2,1,2
24,0,1,477,1,24,3,3,4,1,49,3,1,2,0,3597,6409,8,0,22,4,4,0,6,2,3,4,3,1,2
50,0,1,316,2,8,4,2,4,1,54,3,1,2,1,3875,9983,7,0,15,3,4,1,4,2,3,2,2,2,2
45,0,1,193,1,6,4,4,4,1,52,3,3,1,1,13245,15067,4,1,14,3,2,0,17,3,4,0,0,0,0
50,1,2,959,2,1,4,4,4,1,81,3,2,3,0,4728,17251,3,1,14,3,4,0,5,4,3,0,0,0,0
35,0,1,1276,1,16,3,1,4,1,72,3,3,3,1,7632,14295,4,1,12,3,3,0,10,2,3,8,7,0,0
30,0,2,721,1,1,2,3,3,0,58,3,2,4,0,4011,10781,1,0,23,4,4,0,12,2,3,12,8,3,7
32,1,1,1259,1,2,4,1,4,1,95,3,1,2,0,1393,24852,1,0,12,3,1,0,1,2,3,1,0,0,0
30,0,1,855,2,7,4,2,4,0,73,3,2,1,2,4779,12761,7,0,14,3,2,2,8,3,3,3,2,0,2
44,1,1,1376,0,1,2,3,2,1,91,2,3,1,1,10482,2326,9,0,14,3,4,1,24,1,3,20,6,3,6
41,0,1,334,2,2,4,1,4,1,88,3,4,2,0,16015,15896,1,0,19,3,2,0,22,2,3,22,10,0,4
34,0,0,1375,2,10,3,1,4,1,87,3,2,3,2,4001,12313,1,1,14,3,3,1,15,3,3,15,14,0,7
37,0,1,674,1,13,3,3,1,1,47,3,2,4,1,4285,3031,1,0,17,3,1,0,10,2,3,10,8,3,7
35,0,1,1315,1,22,3,1,2,0,71,4,3,2,2,11996,19100,7,0,18,3,2,1,10,6,2,7,7,6,2
27,0,1,618,1,4,3,1,2,0,76,3,1,3,0,2318,17808,1,0,19,3,3,0,1,2,3,1,1,0,0
30,0,1,1082,2,12,3,5,2,0,83,3,2,3,0,6577,19558,0,0,11,3,2,0,6,6,3,5,4,4,4
36,0,1,1403,1,6,3,1,4,1,47,3,1,4,1,3210,20251,0,0,11,3,3,1,16,4,3,15,13,10,11
18,1,0,247,1,8,1,3,3,1,80,3,1,3,0,1904,13556,1,0,12,3,4,0,0,0,3,0,0,0,0
34,0,1,204,2,14,3,5,3,0,31,3,1,3,2,2579,2912,1,1,18,3,4,2,8,3,3,8,2,0,6
44,0,1,1117,1,2,1,1,1,0,72,4,1,4,1,2011,19982,1,0,13,3,4,1,10,5,3,10,5,7,7
43,0,1,990,1,27,3,5,4,1,87,4,1,2,2,4876,5855,5,0,12,3,3,1,8,0,3,6,4,0,2
55,0,1,147,1,20,2,5,2,1,37,3,2,4,1,5415,15972,3,1,19,3,4,1,12,4,3,10,7,0,8
35,0,2,200,1,18,2,1,3,1,60,3,3,4,0,9362,19944,2,0,11,3,3,0,10,2,3,2,2,2,2
36,0,0,217,1,18,4,1,1,1,78,3,2,4,0,7779,23238,2,0,20,4,1,0,18,0,3,11,9,0,9
31,0,1,329,1,1,2,1,4,1,98,2,1,1,1,2218,16193,1,0,12,3,3,1,4,3,3,4,2,3,2
40,0,0,1094,2,28,3,4,3,1,58,1,3,1,2,10932,11373,3,0,15,3,3,1,20,2,3,1,0,0,1
52,0,1,319,1,3,3,3,4,1,39,2,3,3,1,7969,19609,2,1,14,3,3,0,28,4,3,5,4,0,4
33,0,1,213,1,7,3,3,3,1,49,3,3,3,1,11691,25995,0,0,11,3,4,0,14,3,4,13,9,3,7
30,0,1,570,2,5,3,2,4,0,30,2,2,3,2,6118,5431,1,0,13,3,3,3,10,2,3,10,9,1,2
33,1,1,350,2,5,3,2,4,0,34,3,1,3,0,2851,9150,1,1,13,3,2,0,1,2,3,1,0,0,0
45,0,1,788,0,24,4,3,2,1,36,3,1,2,0,2177,8318,1,0,16,3,1,0,6,3,3,6,3,0,4
28,0,1,895,1,15,2,1,1,1,50,3,1,3,2,2207,22482,1,0,16,3,4,1,4,5,2,4,2,2,2
30,0,1,921,1,1,3,1,4,1,38,1,1,3,1,3833,24375,3,0,21,4,3,2,7,2,3,2,2,0,2
27,0,1,1377,2,2,3,1,4,1,74,3,2,3,0,4478,5242,1,1,11,3,1,0,5,3,3,5,4,0,4
45,0,1,561,2,2,3,4,4,1,61,3,2,2,1,4805,16177,0,0,19,3,2,1,9,3,4,8,7,3,7
37,0,1,290,1,21,3,1,2,1,65,4,1,1,1,3564,22977,1,1,12,3,1,1,8,3,2,8,7,1,7
20,1,2,769,2,9,3,2,4,0,54,3,1,4,0,2323,17205,1,1,14,3,2,0,2,3,3,2,2,0,2
41,0,1,796,2,4,1,2,3,0,81,3,3,3,2,10447,26458,0,1,13,3,4,1,23,3,4,22,14,13,5
59,0,2,1225,2,1,1,1,1,0,57,2,2,3,0,5473,24668,7,0,11,3,4,0,20,2,2,4,3,1,3
46,0,1,563,2,1,4,1,4,1,56,4,4,1,0,17567,3156,1,0,15,3,2,0,27,5,1,26,0,0,12
36,0,1,1174,2,3,4,2,1,0,99,3,2,2,0,9278,20763,3,1,16,3,4,0,15,3,3,5,4,0,1
35,0,1,809,1,16,3,3,1,1,84,4,1,2,1,2426,16479,0,0,13,3,3,1,6,5,3,5,4,0,3
33,0,0,775,1,4,3,5,4,1,90,3,2,2,2,3055,6194,5,0,15,3,4,2,11,2,2,9,8,1,7
34,0,1,511,2,3,2,1,4,0,32,1,2,4,0,6029,25353,5,0,12,3,1,0,6,3,3,2,2,2,2
31,1,1,1079,2,16,4,2,1,1,70,3,3,3,1,8161,19002,2,0,13,3,1,3,10,2,3,1,0,0,0
47,1,0,666,1,29,4,1,1,1,88,3,3,2,1,11849,10268,1,1,12,3,4,1,10,2,2,10,7,9,9
53,0,1,1223,1,7,2,3,4,0,50,3,5,3,2,18606,18640,3,0,18,3,2,1,26,6,3,7,7,4,7
33,0,1,654,1,5,3,1,4,1,34,2,3,4,2,7119,21214,4,0,15,3,3,1,9,2,3,3,2,1,2
34,1,2,234,1,9,4,1,4,1,93,3,2,1,1,5346,6208,4,0,17,3,3,1,11,3,2,7,1,0,7
21,1,2,251,1,10,2,1,1,0,45,2,1,3,0,2625,25308,1,0,20,4,3,0,2,2,1,2,2,2,2
36,0,1,1223,1,8,3,5,3,0,59,3,3,3,2,10096,8202,1,0,13,3,2,3,17,2,3,17,14,12,8
40,0,1,523,1,2,3,1,3,1,98,3,2,4,0,4661,22455,1,0,13,3,3,0,9,4,3,9,8,8,8
31,0,1,196,2,29,4,2,1,0,91,2,2,4,1,5468,13402,1,0,14,3,1,2,13,3,3,12,7,5,7
32,0,1,1373,1,5,4,1,4,1,56,2,2,4,0,9679,10138,8,0,24,4,2,0,8,1,3,1,0,0,0
30,0,1,1288,2,29,4,5,3,1,33,3,3,2,1,9250,17799,3,0,12,3,2,1,9,3,3,4,2,1,3
38,0,2,1490,1,2,2,1,4,1,42,3,1,4,1,1702,12106,1,1,23,4,3,1,1,3,3,1,0,0,0
47,0,0,543,2,2,4,2,3,1,87,3,2,2,1,4978,3536,7,0,11,3,4,1,4,3,1,1,0,0,0
36,0,1,938,1,2,4,3,3,1,79,3,1,3,0,2519,12287,4,0,21,4,3,0,16,6,3,11,8,3,9
31,0,2,793,2,20,3,1,3,1,67,4,1,4,1,2791,21981,0,0,12,3,1,1,3,4,3,2,2,2,2
29,1,1,121,2,27,3,2,2,0,35,3,3,4,1,7639,24525,1,0,22,4,4,3,10,3,2,10,4,1,9
33,0,2,508,2,10,3,2,2,1,46,2,2,4,0,4682,4317,3,0,14,3,3,0,9,6,2,7,7,0,1
35,0,1,819,1,2,3,1,3,1,44,2,3,2,2,10274,19588,2,0,18,3,2,1,15,2,4,7,7,6,4
36,0,1,1383,1,10,3,1,4,1,90,3,3,1,1,8321,25949,7,1,13,3,4,1,15,1,3,12,8,5,7
50,0,2,1246,0,3,3,3,1,1,99,3,5,2,1,18200,7999,1,0,11,3,3,1,32,2,3,32,5,10,7
32,1,1,964,2,1,2,1,1,1,34,1,2,2,0,6735,12147,6,0,15,3,2,0,10,2,3,0,0,0,0
25,0,1,180,1,2,1,3,1,1,65,4,1,1,0,3424,21632,7,0,13,3,3,0,6,3,2,4,3,0,1
40,0,2,692,1,11,3,5,4,0,73,3,2,3,1,6323,26849,1,0,11,3,1,1,10,2,4,10,9,9,4
48,0,1,1469,1,20,4,3,4,1,51,3,1,3,1,2259,5543,4,0,17,3,1,2,13,2,2,0,0,0,0
46,0,1,1402,2,2,3,2,3,0,69,3,4,1,1,17048,24097,8,0,23,4,1,0,28,2,3,26,15,15,9
26,0,1,1349,1,23,3,1,1,0,90,3,1,4,2,2886,3032,1,0,22,4,2,2,3,3,1,3,2,0,2
34,0,2,648,0,11,3,1,3,1,56,2,2,2,1,4490,21833,4,0,11,3,4,2,14,5,4,10,9,1,8
35,1,1,104,1,2,3,1,1,0,69,3,1,1,2,2074,26619,1,1,12,3,4,1,1,2,3,1,0,0,0
27,0,1,728,2,23,1,3,2,0,36,2,2,3,1,3540,7018,1,0,21,4,4,1,9,5,3,9,8,5,8
41,0,1,427,0,10,4,0,2,1,73,2,5,4,2,19141,8861,3,0,15,3,2,3,23,2,2,21,6,12,6
51,0,2,237,2,9,3,1,4,1,83,3,5,2,2,19847,19196,4,1,24,4,1,1,31,5,2,29,10,11,10
23,0,1,310,1,10,1,3,1,1,79,4,1,3,0,3505,19630,1,0,18,3,4,0,2,3,3,2,2,0,2
35,0,2,482,1,4,4,1,3,1,87,3,2,3,0,4249,2690,1,1,11,3,2,0,9,3,3,9,6,1,1
34,0,2,1003,1,2,2,1,4,1,95,3,2,3,0,4033,15834,2,0,11,3,4,0,5,3,2,3,2,0,2
33,0,1,1075,0,3,2,0,4,1,57,3,1,2,2,2277,22650,3,1,11,3,3,1,7,4,4,4,3,0,3
25,0,1,810,2,8,3,1,4,1,57,4,2,2,1,4851,15678,0,0,22,4,3,1,4,4,3,3,2,1,2
45,0,1,556,1,25,2,1,2,0,93,2,2,4,1,5906,23888,0,0,13,3,4,2,10,2,2,9,8,3,8
40,0,1,1194,1,2,4,3,3,0,98,3,1,3,1,2001,12549,2,0,14,3,2,3,20,2,3,5,3,0,2
20,1,1,1362,1,10,1,3,4,1,32,3,1,3,0,1009,26999,1,1,11,3,4,0,1,5,3,1,0,1,1
27,0,1,1377,1,11,1,1,2,1,91,3,1,1,1,2099,7679,0,0,14,3,2,0,6,3,4,5,0,1,4
37,0,1,446,1,1,4,1,2,0,65,3,2,2,1,6447,15701,6,0,12,3,2,1,8,2,2,6,5,4,3
38,0,2,1189,1,1,3,1,4,1,90,3,2,4,1,4735,9867,7,0,15,3,4,2,19,4,4,13,11,2,9
50,0,2,809,2,12,3,2,3,0,77,3,3,4,0,9208,6645,4,0,11,3,4,0,16,3,3,2,2,2,1
29,0,1,1389,1,21,4,1,2,0,51,4,3,1,2,9980,10195,1,0,11,3,3,1,10,1,3,10,9,8,8
24,1,1,984,1,17,2,1,4,0,97,3,1,2,1,2210,3372,1,0,13,3,1,1,1,3,1,1,0,0,0
28,0,1,736,2,26,3,1,3,1,48,2,2,1,1,4724,24232,1,0,11,3,3,1,5,0,3,5,3,0,4
33,1,1,1277,1,15,1,3,2,1,56,3,3,3,1,13610,24619,7,1,12,3,4,0,15,2,4,7,6,7,7
27,1,2,1337,0,22,3,0,1,0,58,2,1,2,1,2863,19555,1,0,12,3,1,0,1,2,3,1,0,0,0
24,0,1,823,1,17,2,4,4,1,94,2,1,2,1,2127,9100,1,0,21,4,4,1,1,2,3,1,0,0,0
29,0,1,590,1,4,3,5,4,0,91,2,1,1,2,2109,10007,1,0,13,3,3,1,1,2,3,1,0,0,0
41,0,1,1276,2,2,5,1,2,0,91,3,4,1,1,16595,5626,7,0,16,3,2,1,22,2,3,18,16,11,8
34,0,2,135,1,19,3,3,3,0,46,3,2,2,2,4444,22534,4,0,13,3,3,2,15,2,4,11,8,5,10
34,0,1,937,2,1,3,2,1,1,32,3,3,4,0,9888,6770,1,0,21,4,1,0,14,3,2,14,8,2,1
29,0,1,1378,1,13,2,4,4,1,46,2,2,2,1,4025,23679,4,1,13,3,1,1,10,2,3,4,3,0,3
41,0,0,247,1,7,1,1,2,0,55,1,5,3,2,19973,20284,1,0,22,4,2,2,21,3,3,21,16,5,10
40,0,1,1194,1,1,3,1,3,0,52,3,2,4,2,6513,9060,4,0,17,3,4,1,12,3,3,5,3,0,3
26,0,1,192,1,1,2,3,1,1,59,2,1,1,1,3955,11141,1,0,16,3,1,2,6,2,3,5,3,1,3
32,0,2,585,1,10,3,1,1,1,56,3,1,3,1,3433,17360,6,0,13,3,1,1,10,3,2,5,2,1,3
34,0,1,665,1,6,4,4,1,0,41,3,2,3,0,4809,12482,1,0,14,3,3,0,16,3,3,16,13,2,10
32,0,1,427,1,1,3,3,1,1,33,3,2,4,1,6162,10877,1,1,22,4,2,1,9,3,3,9,8,7,8
23,0,1,977,1,10,3,5,4,1,45,4,1,3,1,2073,12826,2,0,16,3,4,1,4,2,3,2,2,2,2
34,0,1,1440,2,7,2,5,2,1,55,3,1,3,1,2308,4944,0,1,25,4,2,1,12,4,3,11,10,5,7
50,0,1,1452,1,11,3,1,3,0,53,3,5,2,0,19926,17053,3,0,15,3,2,0,21,5,3,5,4,4,4
36,0,0,894,1,1,4,3,4,0,33,2,2,3,1,4374,15411,0,0,15,3,3,0,4,6,3,3,2,1,2
50,0,1,939,1,24,3,1,4,1,95,3,4,3,1,13973,4161,3,1,18,3,4,1,22,2,3,12,11,1,5
29,0,0,746,2,2,3,1,4,1,61,3,2,3,1,4649,16928,1,0,14,3,1,1,4,3,2,4,3,0,2
33,0,1,931,1,14,3,3,4,0,72,3,1,2,1,2756,4673,1,0,13,3,4,1,8,5,3,8,7,1,6
37,0,1,1470,1,10,3,3,2,0,71,3,1,2,1,3936,9953,1,0,11,3,1,1,8,2,1,8,4,7,7
29,0,1,1283,1,23,3,1,4,1,54,3,1,4,0,2201,18168,9,0,16,3,4,0,6,4,3,3,2,1,2
36,0,2,1467,2,11,2,5,2,0,92,3,3,4,1,9738,22952,0,0,14,3,3,1,10,6,3,9,7,2,8
32,0,2,1318,2,10,4,2,4,1,79,3,2,4,0,4648,26075,8,0,13,3,3,0,4,2,4,0,0,0,0
29,0,1,665,1,15,3,1,3,1,60,3,1,4,0,2340,22673,1,0,19,3,1,0,6,1,3,6,5,1,5
36,0,1,429,1,2,4,1,3,0,53,3,2,2,0,5410,2323,9,1,11,3,4,0,18,2,3,16,14,5,12
45,0,2,1249,1,7,3,1,1,1,97,3,3,1,2,5210,20308,1,0,18,3,1,1,24,2,3,24,9,9,11
28,0,1,1144,2,10,1,3,4,1,74,3,1,2,1,1052,23384,1,0,22,4,2,0,1,5,3,1,0,0,0
43,0,2,313,1,21,3,3,4,1,61,3,1,4,1,2258,15238,7,0,20,4,1,1,8,1,3,3,2,1,2
36,0,0,845,2,1,5,3,4,0,45,3,2,4,0,6653,15276,4,0,15,3,2,0,7,6,3,1,0,0,0
46,0,1,488,2,2,3,5,3,0,75,1,4,2,1,16872,14977,3,1,12,3,2,1,28,2,2,7,7,7,7
36,0,2,541,2,3,4,3,1,1,48,2,3,4,1,9699,7246,4,0,11,3,1,1,16,2,3,13,9,1,12
42,0,1,1147,0,10,3,0,3,0,31,3,4,1,1,16799,16616,0,0,14,3,3,1,21,5,3,20,7,0,9
24,0,1,1476,2,4,1,3,4,0,42,3,2,3,1,4162,15211,1,1,12,3,3,2,5,3,3,5,4,0,3
34,0,1,735,2,3,1,3,4,0,75,2,2,4,1,8103,16495,3,1,12,3,3,0,9,3,2,4,2,0,1
39,0,1,835,1,19,4,4,4,1,41,3,2,4,2,3902,5141,8,0,14,3,2,3,7,2,3,2,2,2,2
39,0,1,119,2,15,4,2,2,1,77,3,4,1,0,13341,25098,0,0,12,3,1,0,21,3,3,20,8,11,10
32,0,1,334,1,5,2,1,1,1,80,4,1,2,2,3298,15053,0,1,12,3,4,2,7,5,2,6,2,0,5
31,0,1,182,1,8,5,1,1,0,93,3,4,2,0,16422,8847,3,0,11,3,3,0,9,3,4,3,2,1,0
39,0,0,1485,1,25,2,1,3,1,71,3,3,3,1,10920,3449,3,0,21,4,2,1,13,2,3,6,4,0,5
35,0,1,982,1,1,4,3,4,1,58,2,1,3,1,2258,16340,6,0,12,3,2,1,10,2,3,8,0,1,7
32,0,1,1062,1,2,3,3,3,0,75,3,1,2,1,2370,3956,1,0,13,3,3,1,8,4,3,8,0,0,7
38,0,1,330,1,17,1,1,3,0,65,2,3,3,1,8823,24608,0,0,18,3,1,1,20,4,2,19,9,1,9
38,0,1,345,2,10,2,1,1,0,100,3,2,4,1,5343,5982,1,0,11,3,3,1,10,1,3,10,7,1,9
36,0,1,1266,2,10,4,5,2,0,63,2,2,3,1,5673,6060,1,1,13,3,1,1,10,4,3,10,9,1,7
37,1,1,625,2,1,4,1,1,1,46,2,3,3,1,10609,14922,5,0,11,3,3,0,17,2,1,14,1,11,7
27,0,0,443,1,3,3,3,4,1,50,3,1,4,1,1706,16571,1,0,11,3,3,3,0,6,2,0,0,0,0
28,0,0,120,2,4,3,3,2,1,43,3,2,3,1,4221,8863,1,0,15,3,2,0,5,3,4,5,4,0,4
35,0,1,1029,1,16,3,1,4,0,91,2,3,2,0,8606,21195,1,0,19,3,4,0,11,3,1,11,8,3,3
35,1,1,303,2,27,3,1,3,1,84,3,2,4,0,5813,13492,1,1,18,3,4,0,10,2,3,10,7,7,7
35,0,2,138,1,2,3,3,2,0,37,3,2,2,0,4425,15986,5,0,11,3,4,0,10,5,3,6,2,1,2
50,0,1,328,1,1,3,3,3,1,86,2,1,3,1,3690,3425,2,0,15,3,4,1,5,2,2,3,2,0,2
37,1,1,370,1,10,4,3,4,1,58,3,2,1,0,4213,4992,1,0,15,3,2,0,10,4,1,10,3,0,8
40,0,1,543,1,1,4,1,1,1,83,3,1,4,1,2406,4060,8,0,19,3,3,2,8,3,2,1,0,0,0
42,0,1,462,2,14,2,3,3,0,68,2,2,3,0,6244,7824,7,0,17,3,1,0,10,6,3,5,4,0,3
38,0,1,833,1,18,3,3,2,1,60,1,2,4,1,5811,24539,3,1,16,3,3,1,15,2,3,1,0,1,0
40,0,2,580,2,5,4,1,4,1,48,2,3,1,1,10475,23772,5,1,21,4,3,1,20,2,3,18,13,1,12
19,1,1,419,2,21,3,4,4,1,37,2,1,2,0,2121,9947,1,1,13,3,2,0,1,3,4,1,0,0,0
35,0,1,1214,1,1,3,3,2,1,30,2,1,3,0,2859,26278,1,0,18,3,1,0,6,3,3,6,4,0,4
32,0,1,634,1,5,4,4,2,0,35,4,1,4,1,3312,18783,3,0,17,3,4,2,6,3,3,3,2,0,2
25,0,1,891,2,4,2,1,2,0,99,2,2,4,0,4487,12090,1,1,11,3,2,0,5,3,3,5,4,1,3
25,0,0,675,1,5,2,1,2,1,85,4,2,1,2,4000,18384,1,0,12,3,4,2,6,2,3,6,3,1,5
37,0,1,1107,1,14,3,1,4,0,95,3,1,1,2,3034,26914,1,0,12,3,3,1,18,2,2,18,7,12,17
37,0,1,589,2,9,2,2,2,1,46,2,2,2,1,4189,8800,1,0,14,3,1,2,5,2,3,5,2,0,3
31,1,1,542,2,20,3,1,2,0,71,1,2,3,1,4559,24788,3,1,11,3,3,1,4,2,3,2,2,2,2
29,0,1,1210,2,2,3,3,1,1,78,2,2,2,1,6644,3687,2,0,19,3,2,2,10,2,3,0,0,0,0
37,1,1,1141,1,11,2,3,1,0,61,1,2,2,1,4777,14382,5,0,15,3,1,0,15,2,1,1,0,0,0
23,1,1,427,2,7,3,1,3,1,99,3,1,4,2,2275,25103,1,1,21,4,2,1,3,2,3,3,2,0,2
30,0,1,288,1,2,3,1,3,1,99,2,2,4,1,4152,15830,1,0,19,3,1,3,11,3,3,11,10,10,8
40,0,2,1184,2,2,4,3,2,1,62,3,2,2,1,4327,25440,5,0,12,3,4,3,5,2,3,0,0,0,0
38,0,2,240,1,2,4,1,1,0,75,4,2,1,0,5980,26085,6,1,12,3,4,0,17,2,3,15,7,4,12
32,0,2,1316,1,2,2,1,4,0,38,3,2,3,0,4998,2338,4,1,14,3,4,0,10,2,3,8,7,0,7
44,0,1,1313,1,7,3,3,2,0,31,3,5,4,2,19049,3549,0,1,14,3,4,1,23,4,2,22,7,1,10
37,0,2,889,1,9,3,3,2,1,53,3,1,4,1,2326,11411,1,1,12,3,3,3,4,3,2,4,2,1,2
38,0,0,1327,2,2,2,1,4,1,39,2,2,4,1,5249,19682,3,0,18,3,4,1,13,0,3,8,7,7,5
36,1,1,885,1,16,4,1,3,0,43,4,1,1,0,2743,8269,1,0,16,3,3,0,18,1,3,17,13,15,14
51,0,2,541,2,2,3,2,2,1,52,3,3,2,1,10596,15395,2,0,11,3,2,0,14,5,3,4,2,3,2
37,0,2,1278,2,1,4,3,3,1,31,1,2,4,2,9525,7677,1,0,14,3,3,2,6,2,2,6,3,1,3
35,0,1,1395,1,9,4,3,2,1,48,3,2,3,0,5098,18698,1,0,19,3,2,0,10,5,3,10,7,0,8
25,1,1,688,1,3,3,3,1,1,91,3,1,1,1,4031,9396,5,0,13,3,3,1,6,5,3,2,2,0,2
42,0,1,1332,1,2,4,4,1,1,98,2,2,4,0,6781,17078,3,0,23,4,2,0,14,6,3,1,0,0,0
32,1,1,515,1,1,3,1,4,1,62,2,1,3,0,3730,9571,0,1,14,3,4,0,4,2,1,3,2,1,2
36,0,2,469,1,3,3,5,3,1,46,3,1,2,1,3692,9256,1,0,12,3,3,0,12,2,2,11,10,0,7
45,0,2,364,1,25,3,3,2,0,83,3,5,2,0,18061,13035,3,0,22,4,3,0,22,4,3,0,0,0,0
44,0,0,981,1,5,3,1,3,1,90,2,1,3,0,3162,7973,3,0,14,3,4,0,7,5,3,5,2,0,3
26,0,1,583,1,4,2,1,3,1,53,3,1,4,0,2875,9973,1,1,20,4,2,0,8,2,2,8,5,2,2
39,0,1,1383,0,2,3,1,4,0,42,2,2,4,1,5204,7790,8,0,11,3,3,2,13,2,3,5,4,0,4
36,1,1,660,1,15,3,4,1,1,81,3,2,3,2,4834,7858,7,0,14,3,2,1,9,3,2,1,0,0,0
39,0,0,105,1,9,3,1,4,1,87,3,5,4,0,19431,15302,2,0,13,3,3,0,21,3,2,6,0,1,3
26,1,2,426,0,17,4,1,2,0,58,3,1,3,2,2741,22808,0,1,11,3,2,1,8,2,2,7,7,1,0
51,0,2,1456,1,1,4,3,1,0,30,2,3,1,0,7484,25796,3,0,20,4,3,0,23,1,2,13,12,12,8
36,0,1,1351,1,26,4,1,1,1,80,3,2,3,1,5347,7419,6,0,14,3,2,2,10,2,2,3,2,0,2
46,0,1,706,1,2,2,1,4,1,82,3,3,4,2,8578,19989,3,0,14,3,3,1,12,4,2,9,8,4,7
31,0,1,1222,1,11,4,1,4,1,48,3,1,4,1,2356,14871,3,1,19,3,2,1,8,2,3,6,4,0,2
40,0,1,884,1,15,3,1,1,0,80,2,3,3,1,10435,25800,1,0,13,3,4,2,18,2,3,18,15,14,12
34,0,1,1397,1,1,5,1,2,1,42,3,1,4,1,2691,7660,1,0,12,3,4,1,10,4,2,10,9,8,8
34,0,1,829,0,3,2,0,3,1,88,3,1,4,1,3737,2243,0,0,19,3,3,1,4,1,1,3,2,0,2
29,0,2,410,1,2,1,1,4,0,97,3,1,2,1,3180,4668,0,0,13,3,3,3,4,3,3,3,2,0,2
35,1,1,622,1,14,4,4,3,1,39,2,1,2,2,3743,10074,1,1,24,4,4,1,5,2,1,4,2,0,2
24,0,1,581,1,9,3,3,3,1,62,4,1,3,1,4401,17616,1,0,16,3,4,1,5,1,3,5,3,0,4
32,0,2,116,1,13,3,4,3,0,77,2,1,2,1,2743,7331,1,0,20,4,3,1,2,2,3,2,2,2,2
50,0,1,1046,1,10,3,5,4,1,100,2,3,4,0,10496,2755,6,0,15,3,4,0,20,2,3,4,3,1,3
45,0,1,374,2,20,3,1,4,0,50,3,2,3,0,4850,23333,8,0,15,3,3,0,8,3,3,5,3,0,1
36,0,1,164,2,2,2,3,2,1,61,2,3,3,1,7596,3809,1,0,13,3,2,2,10,2,3,10,9,9,0
27,0,2,472,1,1,1,5,3,1,60,2,2,1,1,4298,9679,5,0,19,3,3,1,6,1,3,2,2,2,0
55,0,1,836,1,8,3,3,4,0,33,3,4,3,2,14756,19730,2,1,14,3,3,3,21,2,3,5,0,0,2
31,0,1,326,2,8,2,1,1,1,31,3,3,4,2,10793,8386,1,0,18,3,1,1,13,5,3,13,7,9,9
33,1,1,1017,1,25,3,3,1,1,55,2,1,2,0,2313,2993,4,1,20,4,2,0,5,0,3,2,2,2,2
28,0,1,1158,1,9,3,3,4,1,94,3,1,4,1,2070,2613,1,0,23,4,4,1,5,3,2,5,2,0,4
46,0,1,734,1,2,4,3,3,1,46,3,5,4,2,19328,14218,7,1,17,3,3,1,24,3,3,2,1,2,2
41,0,1,1206,2,23,2,1,4,1,80,3,3,3,0,7082,11591,3,1,16,3,4,0,21,2,3,2,0,0,2
31,0,0,587,2,2,4,1,4,0,57,3,3,3,2,9852,8935,1,1,19,3,1,1,10,5,2,10,8,9,6
37,0,1,1462,1,11,3,3,1,0,94,3,1,3,0,3629,19106,4,0,18,3,1,0,8,6,3,3,2,0,2
59,0,1,1089,2,1,2,5,2,1,66,3,3,4,1,11904,11038,3,1,14,3,3,1,14,1,1,6,4,0,4
36,0,0,427,1,8,3,1,1,0,63,4,3,1,1,11713,20335,9,0,14,3,1,1,10,2,3,8,7,0,5
25,0,1,622,2,13,1,3,2,1,40,3,1,3,1,2096,26376,1,0,11,3,3,0,7,1,3,7,4,0,6
29,0,2,490,1,10,3,1,4,0,61,3,1,2,2,3291,17940,0,0,14,3,4,2,8,2,2,7,5,1,1
28,1,1,329,1,24,3,3,3,1,51,3,1,2,1,2408,7324,1,1,17,3,3,3,1,3,3,1,1,0,0
42,0,0,355,1,10,4,5,3,1,38,3,1,3,1,2936,6161,3,0,22,4,2,2,10,1,2,6,3,3,3
32,0,1,977,1,2,3,3,4,1,45,3,2,2,2,5470,25518,0,0,13,3,3,2,10,4,2,9,5,1,6
34,0,2,1069,1,2,1,1,4,1,45,2,2,3,1,9547,14074,1,0,17,3,3,0,10,2,2,10,9,1,9
24,0,2,567,1,2,1,5,1,0,32,3,1,4,0,3760,17218,1,1,13,3,3,0,6,2,3,6,3,1,3
31,0,1,1062,1,24,3,3,3,0,96,2,2,1,0,6812,17198,1,0,19,3,2,0,10,2,3,10,9,1,8
28,0,2,791,1,1,4,3,4,1,44,3,1,3,0,2154,6842,0,1,11,3,3,0,5,2,2,4,2,0,2
49,0,1,1091,1,1,2,5,3,0,90,2,4,3,0,13964,17810,7,1,12,3,4,0,25,2,3,7,1,0,7
30,1,1,1005,1,3,3,5,4,0,88,3,1,1,0,2657,8556,5,1,11,3,3,0,8,5,3,5,2,0,4
24,0,1,506,1,29,1,3,2,1,91,3,1,1,2,3907,3622,1,0,13,3,2,3,6,2,4,6,2,1,2
36,0,1,335,2,17,2,2,3,1,33,2,2,2,1,5507,16822,2,0,16,3,3,2,12,1,1,4,2,1,3
48,0,1,715,1,1,3,1,4,1,76,2,5,4,0,18265,8733,6,0,12,3,3,0,25,3,4,1,0,0,0
32,0,1,1018,1,3,2,1,3,0,39,3,3,4,0,11159,19373,3,0,15,3,4,0,10,6,3,7,7,7,7
25,0,1,685,1,1,3,1,1,0,62,3,2,3,1,4898,7505,0,0,12,3,4,2,5,3,3,4,2,1,2
33,0,1,924,1,2,3,3,3,1,78,3,1,4,0,2496,6670,4,0,11,3,4,0,7,3,3,1,1,0,0
39,0,1,1462,2,6,3,3,4,1,38,4,3,3,1,8237,4658,2,0,11,3,1,1,11,3,3,7,6,7,6
52,0,1,1323,1,2,3,1,3,0,89,2,1,4,0,3212,3300,7,0,15,3,2,0,6,3,2,2,2,2,2
49,0,1,465,1,6,1,1,3,0,41,2,4,3,1,13966,11652,2,1,19,3,2,1,30,3,3,15,11,2,12
25,0,1,949,1,1,3,5,1,1,81,3,1,4,1,3229,4910,4,0,11,3,2,1,7,2,2,3,2,0,2
42,0,1,1396,1,6,3,3,3,1,83,3,3,1,1,13348,14842,9,0,13,3,2,1,18,3,4,13,7,5,7
29,0,1,1107,1,28,4,1,3,0,93,3,1,4,2,2514,26968,4,0,22,4,1,1,11,1,3,7,5,1,7
40,0,1,107,2,10,3,5,2,0,84,2,2,2,2,6852,11591,7,0,12,3,2,1,7,2,4,5,1,1,3
28,1,1,529,1,2,4,1,1,1,79,3,1,3,0,3485,14935,2,0,11,3,3,0,5,5,1,0,0,0,0
32,0,1,827,1,1,1,1,4,1,71,3,1,1,0,2956,15178,1,0,13,3,4,0,1,2,3,1,0,0,0
34,0,1,1346,1,19,2,3,2,1,93,3,1,4,2,2661,8758,0,0,11,3,3,1,3,2,3,2,2,1,2
36,0,1,559,1,12,4,1,3,0,76,3,2,3,1,4663,12421,9,1,12,3,2,2,7,2,3,3,2,1,1
45,0,0,1050,2,9,4,1,2,0,65,2,2,3,1,5593,17970,1,0,13,3,4,1,15,2,3,15,10,4,12
42,0,1,469,1,2,2,3,4,1,35,3,4,1,1,17665,14399,0,0,17,3,4,1,23,3,3,22,6,13,7
51,0,1,770,0,5,3,1,3,1,84,3,4,2,2,14026,17588,1,1,11,3,2,1,33,2,3,33,9,0,10
33,1,1,603,2,9,4,2,1,0,77,3,2,1,0,8224,18385,0,1,17,3,1,0,6,3,3,5,2,0,3
47,1,2,719,2,27,2,1,2,0,77,4,2,3,0,6397,10339,4,1,12,3,4,0,8,2,3,5,4,1,3
44,1,1,935,1,3,3,1,1,1,89,3,1,1,1,2362,14669,4,0,12,3,3,0,10,4,4,3,2,1,2
46,1,1,1254,2,10,3,1,3,0,64,3,3,2,1,7314,14011,5,0,21,4,3,3,14,2,3,8,7,0,7
50,0,1,1207,1,28,1,3,4,1,74,4,1,3,1,3221,3297,1,1,11,3,3,3,20,3,3,20,8,3,8
32,0,0,1146,1,15,4,3,3,0,34,3,2,4,2,6667,16542,5,0,18,3,2,1,9,6,3,5,1,1,2
27,1,1,1420,2,2,1,2,3,1,85,3,1,1,2,3041,16346,0,0,11,3,2,1,5,3,3,4,3,0,2
35,0,1,583,1,25,4,3,3,0,57,3,3,3,2,10388,6975,1,1,11,3,3,1,16,3,2,16,10,10,1
41,0,2,1018,2,1,3,2,3,0,66,3,2,1,2,4103,4297,0,0,17,3,4,1,10,2,3,9,3,1,7
34,0,1,628,1,8,3,3,2,1,82,4,2,3,1,4404,10228,2,0,12,3,1,0,6,3,4,4,3,1,2
32,0,1,234,2,1,4,3,2,1,68,2,1,2,1,2269,18024,0,0,14,3,2,1,3,2,3,2,2,2,2
34,0,1,678,1,19,3,1,2,0,35,2,1,4,1,2929,20338,1,0,12,3,2,0,10,3,3,10,9,8,7
36,0,1,1157,2,2,4,1,3,1,70,3,1,4,0,2644,17001,3,1,21,4,4,0,7,3,2,3,2,1,2
41,1,2,143,2,4,3,2,1,1,56,3,2,2,0,9355,9558,1,0,18,3,3,0,8,5,3,8,7,7,7
58,0,1,1272,1,5,3,5,3,0,37,2,3,2,2,10552,9255,2,1,13,3,4,1,24,3,3,6,0,0,4
35,0,2,944,2,1,3,2,3,0,92,3,3,3,0,8789,9096,1,0,14,3,1,0,10,3,4,10,7,0,8
40,0,1,1398,2,2,4,1,3,0,79,3,5,3,1,18041,13022,0,0,14,3,4,0,21,2,3,20,15,1,12
22,0,1,1136,1,5,3,1,4,1,60,4,1,2,2,2328,12392,1,1,16,3,1,1,4,2,2,4,2,2,2
46,0,1,945,0,5,2,3,2,1,80,3,2,2,2,5021,10425,8,1,22,4,4,1,16,2,3,4,2,0,2
52,0,1,699,1,1,4,1,3,1,65,2,5,3,1,19999,5678,0,0,14,3,1,1,34,5,3,33,18,11,9
48,0,1,1236,1,1,4,1,4,0,40,2,4,1,1,15402,17997,7,0,11,3,1,1,21,3,1,3,2,0,2
39,0,1,1387,1,10,5,3,2,1,76,3,2,1,1,5377,3835,2,0,13,3,4,3,10,3,3,7,7,7,7
30,0,1,201,1,5,3,5,4,0,84,3,1,1,2,3204,10415,5,0,14,3,4,1,8,3,3,3,2,2,2
41,0,2,840,1,9,3,3,1,1,64,3,5,3,2,19419,3735,2,0,17,3,2,1,21,2,4,18,16,0,11
27,0,1,1220,1,5,3,1,3,0,85,3,1,2,0,2478,20938,1,1,12,3,2,0,4,2,2,4,3,1,2
39,0,1,613,1,6,1,3,4,1,42,2,3,1,1,9991,21457,4,0,15,3,1,1,9,5,3,7,7,1,7
42,0,1,188,1,29,3,3,2,1,56,1,2,4,0,4272,9558,4,0,19,3,1,0,16,3,3,1,0,0,0
18,1,2,1306,2,5,3,2,2,1,69,3,1,2,0,1878,8059,1,1,14,3,4,0,0,3,3,0,0,0,0
32,0,2,689,2,9,2,3,4,1,35,1,2,4,2,4668,22812,0,0,17,3,4,3,9,2,4,8,7,0,7
36,0,1,530,2,2,4,1,3,0,51,3,2,4,0,4502,7439,3,0,15,3,3,0,17,2,2,13,7,6,7
55,0,1,1136,1,1,4,3,2,1,81,4,4,4,2,14732,12414,2,0,13,3,4,2,31,4,4,7,7,0,0
42,0,1,647,2,4,4,2,2,1,45,3,2,1,0,5155,2253,7,0,13,3,4,0,9,3,4,6,4,1,5
27,0,1,954,2,9,3,2,4,1,44,3,2,4,0,4105,5099,1,0,14,3,1,0,7,5,3,7,7,0,7
33,0,1,117,1,9,3,3,1,1,60,3,1,4,1,2781,6311,0,0,13,3,2,1,15,5,3,14,10,4,10
47,0,1,202,1,2,2,4,3,0,33,3,4,4,1,16752,12982,1,1,11,3,3,1,26,3,2,26,14,3,0
33,0,1,589,1,28,4,1,2,1,79,3,2,3,1,5207,22949,1,1,12,3,2,1,15,3,3,15,14,5,7
29,0,1,136,1,1,3,1,1,1,89,3,2,1,1,5373,6225,0,0,12,3,1,1,6,5,2,5,3,0,2
38,0,0,573,1,6,3,3,2,0,79,1,2,4,2,5329,15717,7,1,12,3,4,3,17,3,3,13,11,1,9
32,0,2,967,2,8,3,2,2,0,43,3,3,4,0,8998,15589,1,0,14,3,4,0,9,2,3,9,8,3,7
36,0,1,172,1,4,4,1,1,1,37,2,2,4,0,5810,22604,1,0,16,3,3,0,10,2,2,10,4,1,8
37,0,1,1239,0,8,2,4,3,1,89,3,2,2,2,4071,12832,2,0,13,3,3,0,19,4,2,10,0,4,7
26,1,2,342,1,2,3,1,1,1,57,3,1,1,1,2042,15346,6,1,14,3,2,1,6,2,3,3,2,1,2
19,1,1,528,2,22,1,2,4,1,50,3,1,3,0,1675,26820,1,1,19,3,4,0,0,2,2,0,0,0,0
30,0,0,990,1,7,3,5,3,1,64,3,1,3,2,1274,7152,1,0,13,3,2,2,1,2,2,1,0,0,0
45,0,1,974,1,1,4,3,4,0,91,3,1,4,2,2270,11005,3,0,14,3,4,2,8,2,3,5,3,0,2
41,0,1,645,2,1,3,2,2,1,49,4,3,1,1,8392,19566,1,0,16,3,3,1,10,2,3,10,7,0,7
40,0,2,1395,1,26,3,3,2,0,54,3,2,2,2,5605,8504,1,0,11,3,1,1,20,2,3,20,7,2,13
29,0,1,694,1,1,3,1,4,0,87,2,4,4,2,16124,3423,3,0,14,3,2,2,9,2,2,7,7,1,7
42,0,2,1368,1,28,4,5,4,0,88,2,2,4,1,4523,4386,0,0,11,3,4,3,7,4,4,6,5,0,4
28,1,1,1475,2,13,2,2,4,0,84,3,2,3,0,9854,23352,3,1,11,3,4,0,6,0,3,2,0,2,2
34,0,1,1320,1,20,3,5,3,0,89,4,1,3,1,2585,21643,0,0,17,3,4,0,2,5,2,1,0,0,0
29,0,1,332,0,17,3,4,2,1,51,2,3,1,0,7988,9769,1,0,13,3,1,0,10,3,2,10,9,0,9
54,0,1,1082,2,2,4,1,3,0,41,2,3,3,1,10686,8392,6,0,11,3,2,1,13,4,3,9,4,7,0
26,1,1,920,0,20,2,3,4,0,69,3,1,2,1,2148,6889,0,1,11,3,3,0,6,3,3,5,1,1,4
35,0,2,1182,2,11,2,2,4,1,54,3,2,4,2,4968,18500,1,0,11,3,4,1,5,3,3,5,2,0,2
44,0,0,111,1,17,3,1,4,1,74,1,1,3,0,2290,4279,2,0,13,3,4,0,6,3,3,0,0,0,0
48,0,1,530,2,29,1,3,1,0,91,3,3,3,1,12504,23978,3,0,21,4,2,1,15,3,1,0,0,0,0
54,0,1,1217,1,2,4,5,1,0,60,3,3,3,1,13549,24001,9,0,12,3,1,1,16,5,1,4,3,0,3
45,0,1,930,2,9,3,2,4,1,74,3,3,1,2,10761,19239,4,1,12,3,3,1,18,2,3,5,4,0,2
26,0,2,575,1,1,2,1,1,0,71,1,1,4,2,4364,5288,3,0,14,3,1,1,5,2,3,2,2,2,0
35,0,1,890,2,2,3,2,4,0,97,3,1,4,1,2014,9687,1,0,13,3,1,0,2,3,3,2,2,2,2
27,0,1,798,1,6,4,3,1,0,66,2,1,3,2,2187,5013,0,0,12,3,3,2,6,5,2,5,3,0,3
30,0,1,438,1,18,3,1,1,0,75,3,1,3,0,2632,23910,1,0,14,3,3,0,5,4,2,5,4,0,4
41,0,1,549,1,7,2,3,4,0,42,3,2,3,0,5003,23371,6,0,14,3,2,0,8,6,3,2,2,2,1
40,0,1,630,2,4,4,2,3,1,67,2,3,4,1,10855,8552,7,0,11,3,1,1,15,2,2,12,11,2,11
56,0,1,832,1,9,3,3,3,1,81,3,4,4,1,11103,20420,7,0,11,3,3,0,30,1,2,10,7,1,1
41,0,2,1200,1,22,3,1,4,0,75,3,2,4,2,5467,13953,3,1,14,3,1,2,12,4,2,6,2,3,3
44,0,1,136,1,28,3,1,4,1,32,3,4,1,1,16328,22074,3,0,13,3,3,1,24,1,4,20,6,14,17
52,0,1,258,1,8,4,4,3,0,54,3,1,1,1,2950,17363,9,0,13,3,3,0,12,2,1,5,4,0,4
34,0,2,829,1,15,3,3,2,1,71,3,4,1,2,17007,11929,7,0,14,3,4,2,16,3,2,14,8,6,9
53,0,2,124,2,2,3,2,3,0,38,2,3,2,1,7525,23537,2,0,12,3,1,1,30,2,3,15,7,6,12
33,1,1,465,1,2,2,1,1,0,39,3,1,1,1,2707,21509,7,0,20,4,1,0,13,3,4,9,7,1,7
58,0,1,848,1,23,4,1,1,1,88,3,1,3,2,2372,26076,1,0,12,3,4,2,2,3,3,2,2,2,2
37,0,2,663,1,11,3,4,2,1,47,3,3,4,2,12185,10056,1,1,14,3,3,3,10,1,3,10,8,0,7
25,0,1,1382,2,8,2,4,1,0,85,3,2,3,2,4907,13684,0,1,22,4,2,1,6,3,2,5,3,0,4
28,0,2,467,2,7,3,1,3,1,55,3,2,1,0,4898,11827,0,0,14,3,4,0,5,5,3,4,2,1,3
34,0,1,943,1,9,3,1,4,1,86,3,3,4,2,8500,5494,0,0,11,3,4,1,10,0,2,9,7,1,6
43,0,1,177,1,8,3,1,1,0,55,3,2,2,2,4765,23814,4,0,21,4,3,1,4,2,4,1,0,0,0
50,0,1,691,1,2,3,3,3,1,64,3,4,3,1,17639,6881,5,0,16,3,4,0,30,3,3,4,3,0,3
59,0,1,326,2,3,3,1,3,0,48,2,2,4,0,5171,16490,5,0,17,3,4,0,13,2,3,6,1,0,5
38,0,2,693,1,7,3,1,4,1,57,4,1,3,2,2610,15748,1,0,11,3,4,3,4,2,3,4,2,0,3
50,0,1,989,1,7,2,3,2,0,43,2,5,3,2,18740,16701,5,1,12,3,4,1,29,2,2,27,3,13,8
42,0,1,1128,1,13,3,3,2,1,95,4,2,1,1,5538,5696,5,0,18,3,3,2,10,2,2,0,0,0,0
43,0,0,1344,1,7,3,3,4,1,37,4,1,4,2,2089,5228,4,0,14,3,4,3,7,3,4,5,4,2,2
43,0,1,1034,2,16,3,2,4,0,80,3,4,4,1,16064,7744,5,1,22,4,3,1,22,3,3,17,13,1,9
34,0,1,629,1,27,2,3,4,0,95,3,1,2,0,2311,5711,2,0,15,3,4,0,9,3,3,3,2,1,2
54,0,1,584,1,22,5,3,2,0,91,3,4,3,1,17426,18685,3,0,25,4,3,1,36,6,3,10,8,4,7
36,0,1,884,2,1,4,1,2,0,73,3,2,3,0,6815,21447,6,0,13,3,1,0,15,5,3,1,0,0,0
46,1,1,377,2,9,3,2,1,1,52,3,3,4,2,10096,15986,4,0,11,3,1,1,28,1,4,7,7,4,3
27,0,2,1410,2,3,1,3,4,0,71,4,2,4,2,4647,16673,1,1,20,4,2,2,6,3,3,6,5,0,4
39,1,1,1122,1,6,3,3,4,1,70,3,1,1,1,2404,4303,7,1,21,4,4,0,8,2,1,2,2,2,2
30,0,1,852,2,10,3,2,3,1,72,2,2,3,1,6578,2706,1,0,18,3,1,1,10,3,3,10,3,1,4
38,0,1,130,2,2,2,2,4,1,32,3,3,2,0,7351,20619,7,0,16,3,3,0,10,2,3,1,0,0,0
31,1,2,523,1,2,3,1,2,1,94,3,1,4,1,3722,21081,6,1,13,3,3,1,7,2,1,2,2,2,2
41,1,0,906,1,5,2,1,1,1,95,2,1,1,2,2107,20293,6,0,17,3,1,1,5,2,1,1,0,0,0
26,1,2,575,1,3,1,5,3,1,73,3,1,1,0,3102,6582,0,0,22,4,3,0,7,2,3,6,4,0,4
40,0,1,611,2,7,4,3,2,1,88,3,5,2,0,19833,4349,1,0,14,3,2,0,21,3,2,21,8,12,8
28,0,2,783,2,1,2,1,3,1,42,2,2,4,1,6834,19255,1,1,12,3,3,1,7,2,3,7,7,0,7
27,0,0,210,2,1,1,2,3,1,73,3,2,2,1,6349,22107,0,1,13,3,4,1,6,0,3,5,4,1,4
49,0,1,1098,1,4,2,3,1,1,85,2,5,3,1,18711,12124,2,0,13,3,3,1,23,2,4,1,0,0,0
32,0,1,128,1,2,1,5,4,1,84,2,2,1,0,2176,19737,4,0,13,3,4,0,9,5,3,6,2,0,4
59,0,1,1324,1,3,3,3,3,0,81,4,1,1,1,2670,9964,4,1,20,4,1,3,12,3,2,1,0,0,0
31,0,1,1463,1,23,3,3,2,1,64,2,2,4,1,5582,14408,0,0,21,4,2,1,10,2,3,9,0,7,8
36,0,1,852,1,5,4,1,2,0,82,2,1,1,1,3419,13072,9,1,14,3,4,1,6,3,4,1,1,0,0
32,0,1,267,1,29,4,1,3,0,49,2,1,2,0,2837,15919,1,0,13,3,3,0,6,3,3,6,2,4,1
30,0,1,501,2,27,5,2,3,1,99,3,2,4,2,5304,25275,7,0,23,4,4,1,10,2,2,8,7,7,7
36,0,1,922,1,3,2,1,1,0,39,3,1,4,2,2835,2561,5,0,22,4,1,1,7,2,3,1,0,0,0
37,0,0,1252,2,19,2,3,1,1,32,3,3,2,0,7642,4814,1,1,13,3,4,0,10,2,3,10,0,0,9
40,0,1,448,1,16,3,1,3,0,84,3,3,4,0,7945,19948,6,1,15,3,4,0,18,2,2,4,2,3,3
40,1,0,1479,2,24,3,1,2,0,100,4,4,2,0,13194,17071,4,1,16,3,4,0,22,2,2,1,0,0,0
59,0,0,1420,0,2,4,0,3,0,32,2,5,4,1,18844,21922,9,0,21,4,4,1,30,3,3,3,2,2,2
29,0,1,1246,2,19,3,1,3,1,77,2,2,3,2,8620,23757,1,0,14,3,3,2,10,3,3,10,7,0,4
31,0,1,525,2,6,4,3,1,1,66,4,2,4,2,5460,6219,4,0,22,4,4,2,13,4,4,7,7,5,7
38,0,2,508,1,6,4,1,1,1,72,2,2,3,1,5321,14284,2,0,11,3,4,1,10,1,3,8,3,7,7
44,1,1,1097,1,10,4,1,3,1,96,3,1,3,0,2936,10826,1,1,11,3,3,0,6,4,3,6,4,0,2
25,1,1,867,2,19,2,2,3,1,36,2,1,2,1,2413,18798,1,1,18,3,3,3,1,2,3,1,0,0,0
24,0,0,673,1,11,2,4,1,0,96,4,2,3,2,4011,8232,0,0,18,3,4,1,5,5,2,4,2,1,3
41,0,1,1411,1,19,2,1,3,1,36,3,2,1,2,3072,19877,2,0,16,3,1,2,17,2,2,1,0,0,0
48,1,1,626,1,1,2,1,1,1,98,2,3,3,0,5381,19294,9,1,13,3,4,0,23,2,3,1,0,0,0
28,0,1,440,1,21,3,3,3,1,42,3,1,4,1,2713,6672,1,0,11,3,3,1,5,2,1,5,2,0,2
42,0,2,1474,1,5,2,4,2,1,97,3,1,3,1,2093,9260,4,0,17,3,4,1,8,4,3,2,2,2,0
20,1,1,1097,1,11,3,3,4,0,98,2,1,1,0,2600,18275,1,1,15,3,1,0,1,2,3,1,0,0,0
37,0,1,783,1,7,4,3,4,1,78,3,2,1,1,4284,13588,5,1,22,4,3,1,16,2,3,5,3,0,4
29,0,1,1010,1,1,3,1,1,0,97,3,1,4,2,3760,5598,1,0,15,3,1,3,3,5,3,3,2,1,2
30,0,1,1358,2,16,1,1,4,1,96,3,2,3,1,5301,2939,8,0,15,3,3,2,4,2,2,2,1,2,2
18,0,1,812,2,10,3,3,4,0,69,2,1,3,0,1200,9724,1,0,12,3,1,0,0,2,3,0,0,0,0
33,0,1,1242,2,8,4,1,1,1,46,3,2,1,1,6392,10589,2,0,13,3,4,1,8,6,1,2,2,2,2
36,0,2,1480,1,3,2,3,4,1,30,3,1,2,0,2088,15062,4,0,12,3,3,0,13,3,2,8,7,7,2
47,0,2,1379,1,16,4,3,3,1,64,4,2,3,2,5067,6759,1,1,19,3,3,0,20,3,4,19,10,2,7
44,0,1,661,1,9,2,1,2,1,61,3,1,1,1,2559,7508,1,1,13,3,4,0,8,0,3,8,7,7,1
35,0,1,1361,2,17,4,1,3,1,94,3,2,1,1,8966,21026,3,1,15,3,4,3,15,2,3,7,7,1,7
26,0,2,496,1,11,2,3,1,1,60,3,2,1,1,4741,22722,1,1,13,3,3,1,5,3,3,5,3,3,3
40,0,1,896,1,2,3,3,3,1,68,3,1,3,2,2345,8045,2,0,14,3,3,1,8,3,4,3,1,1,2
39,0,1,867,1,9,2,3,1,1,87,3,2,1,1,5151,12315,1,0,25,4,4,1,10,3,3,10,0,7,9
40,0,1,1322,1,2,4,1,3,1,52,2,1,3,0,2809,2725,2,0,14,3,4,0,8,2,3,2,2,2,2
35,0,1,1490,1,11,4,3,4,1,43,3,1,3,1,2660,20232,7,1,11,3,3,1,5,3,3,2,2,2,2
56,0,0,667,1,1,4,1,3,1,57,3,2,3,2,6306,26236,1,0,21,4,1,1,13,2,2,13,12,1,9
48,0,1,969,1,2,2,5,4,1,76,4,1,2,0,2559,16620,5,0,11,3,3,0,7,4,2,1,0,0,0
28,0,1,995,1,9,3,3,3,0,77,3,1,3,2,2377,9834,5,0,18,3,2,1,6,2,3,2,2,2,2
41,0,1,337,2,8,3,2,3,0,54,3,2,2,1,4393,26841,5,0,21,4,3,1,14,3,3,5,4,1,4
28,0,1,857,1,10,3,4,3,0,59,3,2,3,0,3660,7909,3,0,13,3,4,0,10,4,4,8,7,1,7
32,1,1,1045,2,4,4,3,4,1,32,1,3,4,1,10400,25812,1,0,11,3,3,0,14,2,2,14,8,9,8
35,0,1,1296,1,5,4,5,3,1,62,3,3,2,0,8095,18264,0,0,13,3,4,0,17,5,3,16,6,0,13
32,0,1,906,2,7,3,1,4,1,91,2,2,3,1,5484,16985,1,0,14,3,3,1,13,3,2,13,8,4,8
29,1,1,992,1,1,3,5,3,1,85,3,1,3,0,2058,19757,0,0,14,3,4,0,7,1,2,6,2,1,5
29,1,1,1092,1,1,4,3,1,1,36,3,1,4,1,4787,26124,9,1,14,3,2,3,4,3,4,2,2,2,2
28,0,1,1117,1,8,2,1,4,0,66,3,1,4,0,3310,4488,1,0,21,4,4,0,5,3,3,5,3,0,2
34,1,0,1362,2,19,3,2,1,1,67,4,2,4,0,5304,4652,8,1,13,3,2,0,9,3,2,5,2,0,4
30,0,1,1339,2,5,3,1,2,0,41,3,3,4,1,9419,8053,2,0,12,3,3,1,12,2,3,10,9,7,4
29,1,1,408,1,25,5,5,3,0,71,2,1,2,1,2546,18300,5,0,16,3,2,0,6,2,4,2,2,1,1
59,0,1,142,1,3,3,1,3,1,70,2,1,4,1,2177,8456,3,0,17,3,1,1,7,6,3,1,0,0,0
51,0,1,1318,2,26,4,2,1,0,66,3,4,3,1,16307,5594,2,0,14,3,3,1,29,2,2,20,6,4,17
31,0,1,670,1,26,1,1,1,1,31,3,1,3,2,2911,15170,1,0,17,3,4,1,5,1,2,5,2,4,3
37,0,1,1225,1,10,2,1,4,1,80,4,1,4,0,4680,15232,3,0,17,3,1,0,4,2,3,1,0,0,0
32,0,1,824,1,5,2,1,4,0,67,2,2,2,1,5878,15624,3,0,12,3,1,1,12,2,3,7,1,2,5
35,0,2,664,1,1,3,3,2,1,79,3,1,1,1,2194,5868,4,0,13,3,4,1,5,2,2,3,2,1,2
40,0,2,530,1,1,4,1,3,1,78,2,4,2,1,13503,14115,1,0,22,4,4,1,22,3,2,22,3,11,11
55,0,1,685,2,26,5,2,3,1,60,2,5,4,1,19586,23037,1,0,21,4,3,1,36,3,3,36,6,2,13
24,0,1,1371,2,10,4,2,4,0,77,3,2,3,2,4260,5915,1,1,12,3,4,1,5,2,4,5,2,0,3
36,0,2,607,2,7,3,2,1,0,83,4,2,1,1,4639,2261,2,0,16,3,4,1,17,2,2,15,7,6,13
35,0,1,755,1,9,4,1,3,1,97,2,2,2,0,6540,19394,9,0,19,3,3,0,10,5,3,1,1,0,0
51,0,1,833,1,1,3,1,3,1,96,3,1,4,1,2723,23231,1,0,11,3,2,0,1,0,2,1,0,0,0
30,1,2,600,0,8,3,0,3,0,66,2,1,4,2,2180,9732,6,0,11,3,3,1,6,0,2,4,2,1,2
39,0,1,412,1,13,4,3,3,0,94,2,4,2,2,17123,17334,6,1,13,3,4,2,21,4,3,19,9,15,2
39,0,1,1132,1,1,3,3,3,1,48,4,3,4,2,9613,10942,0,0,17,3,1,3,19,5,2,18,10,3,7
36,0,1,430,1,2,4,4,4,0,73,3,2,2,1,6962,19573,4,1,22,4,4,1,15,2,3,1,0,0,0
30,0,1,317,1,2,3,1,3,0,43,1,2,4,0,6091,24793,2,0,20,4,3,0,11,2,3,5,4,0,2
47,0,0,1162,1,1,1,3,3,0,98,3,3,2,1,11957,17231,0,0,18,3,1,2,14,3,1,13,8,5,12
38,0,1,1495,1,4,2,3,4,0,87,3,1,3,1,3306,26176,7,0,19,3,4,1,7,5,2,0,0,0,0
26,1,1,1357,1,25,3,1,1,1,48,1,1,3,0,2293,10558,1,0,12,3,3,0,1,2,2,1,0,0,1
40,0,0,1151,1,9,5,1,4,1,63,2,2,4,1,4876,14242,9,0,14,3,4,1,5,5,1,3,2,0,2
47,0,1,703,2,14,4,2,4,1,42,3,2,1,0,4960,11825,2,0,12,3,4,0,20,2,3,7,7,1,7
40,0,0,458,1,16,2,1,3,1,74,3,1,3,2,3544,8532,9,0,16,3,2,1,6,0,3,4,2,0,0
38,0,1,362,1,1,1,1,3,0,43,3,1,1,0,2619,14561,3,0,17,3,4,0,8,3,2,0,0,0,0
35,0,1,1258,1,1,4,1,4,0,40,4,1,3,0,2506,13301,3,0,13,3,3,0,7,0,3,2,2,2,2
36,0,1,132,1,6,3,1,2,0,55,4,1,4,1,3038,22002,3,0,12,3,2,0,5,3,3,1,0,0,0
35,0,0,727,1,3,3,1,3,1,41,2,1,3,1,1281,16900,1,0,18,3,3,2,1,3,3,1,0,0,0
37,0,1,1372,1,1,3,1,4,0,42,3,1,4,0,2115,15881,1,0,12,3,2,0,17,3,3,17,12,5,7
20,0,1,727,2,9,1,1,4,1,54,3,1,1,0,2728,21082,1,0,11,3,1,0,2,3,3,2,2,0,2
29,0,1,1328,1,2,3,1,3,1,76,3,1,2,1,2703,4956,0,0,23,4,4,1,6,3,3,5,4,0,4
52,0,1,621,2,3,4,2,3,1,31,2,4,1,1,16856,10084,1,0,11,3,1,0,34,3,4,34,6,1,16
38,0,1,1380,1,9,2,1,3,0,75,3,1,4,0,2288,6319,1,0,12,3,3,0,2,3,3,2,2,2,1
28,0,1,640,1,1,3,5,4,1,84,3,1,1,0,2080,4732,2,0,11,3,2,0,5,2,2,3,2,1,2
42,0,1,419,2,12,4,2,2,1,77,3,2,4,2,5087,2900,3,1,12,3,3,2,14,4,3,0,0,0,0
44,0,1,1112,0,1,4,1,1,0,50,2,2,3,0,5985,26894,4,0,11,3,2,0,10,1,4,2,2,0,2
34,0,1,1354,1,5,3,3,3,0,45,2,3,1,0,11631,5615,2,0,12,3,4,0,14,6,3,11,10,5,8
26,1,1,950,2,4,4,2,4,1,48,2,2,4,0,5828,8450,1,1,12,3,2,0,8,0,3,8,7,7,4
35,0,1,776,2,1,4,2,3,1,32,2,2,1,0,4312,23016,0,0,14,3,2,0,16,2,3,15,13,2,8
46,0,2,1211,2,5,4,2,1,1,98,3,2,4,0,5772,20445,4,1,21,4,3,0,14,4,3,9,6,0,8
46,0,1,150,1,2,4,5,4,1,60,3,2,4,2,7379,17433,2,0,11,3,3,1,12,3,2,6,3,1,4
43,0,1,415,2,25,3,3,3,1,79,2,3,4,2,10798,5268,5,0,13,3,3,1,18,5,3,1,0,0,0
56,0,2,1240,1,9,3,3,1,0,63,3,1,3,1,2942,12154,2,0,19,3,2,1,18,4,3,5,4,0,3
35,0,2,146,1,2,4,3,1,1,79,2,1,4,0,4930,13970,0,1,14,3,3,0,6,2,4,5,4,1,4
47,0,1,359,1,2,4,3,1,0,82,3,4,3,1,17169,26703,3,0,19,3,2,2,26,2,4,20,17,5,6
54,0,2,928,1,20,4,1,4,0,31,3,2,3,0,4869,16885,3,0,12,3,4,0,20,4,2,4,3,0,3
27,0,2,829,2,8,1,2,3,1,84,3,2,4,1,4342,24008,0,0,19,3,2,1,5,3,3,4,2,1,1
32,0,1,117,2,13,4,1,2,1,73,3,2,4,2,4403,9250,2,0,11,3,3,1,8,3,2,5,2,0,3
45,0,1,954,2,2,2,5,2,1,46,1,2,3,0,6632,12388,0,0,13,3,1,0,9,3,3,8,7,3,1
38,0,2,148,1,2,3,3,4,0,42,2,1,2,0,2440,23826,1,0,22,4,2,0,4,3,3,4,3,3,3
27,0,2,793,2,2,1,1,4,1,43,1,2,4,0,5071,20392,3,0,20,4,2,0,8,3,3,6,2,0,0
42,0,2,532,1,29,2,1,1,0,92,3,2,3,2,4556,12932,2,0,11,3,2,1,19,3,3,5,4,0,2
35,1,2,130,1,25,4,1,4,0,96,3,1,2,2,2022,16612,1,1,19,3,1,1,10,3,2,10,2,7,8
50,1,1,410,2,28,3,2,4,1,39,2,3,1,2,10854,16586,4,1,13,3,2,1,20,3,3,3,2,2,0
36,0,0,301,2,15,4,2,4,1,88,1,2,4,2,5406,10436,1,0,24,4,1,1,15,4,2,15,12,11,11
31,0,2,163,1,24,1,5,4,0,30,3,2,4,0,5238,6670,2,0,20,4,4,0,9,3,2,5,4,1,4
26,1,1,1449,1,16,4,3,1,1,45,3,1,2,2,2373,14180,2,1,13,3,4,1,5,2,3,3,2,0,2
31,1,2,667,2,1,4,1,2,0,50,1,1,3,0,1359,16154,1,0,12,3,2,0,1,3,3,1,0,0,0
22,0,1,1230,1,1,2,1,4,1,33,2,2,4,1,4775,19146,6,0,22,4,1,2,4,2,1,2,2,2,2
34,0,1,1442,1,9,3,3,4,0,46,2,3,2,0,8621,17654,1,0,14,3,2,0,9,3,4,8,7,7,7
58,0,1,1145,1,9,3,3,2,0,75,2,1,2,1,3346,11873,4,1,20,4,2,1,9,3,2,1,0,0,0
29,0,1,738,1,9,5,4,2,1,30,2,1,4,0,3983,7621,0,0,17,3,3,0,4,2,3,3,2,2,2
28,1,1,1404,1,17,3,5,3,1,32,2,1,4,2,2367,18779,5,0,12,3,1,1,6,2,2,4,1,0,3
21,0,1,1343,2,22,1,5,3,1,49,3,1,3,0,3447,24444,1,0,11,3,3,0,3,2,3,3,2,1,2
34,0,0,1065,2,23,4,2,2,1,72,3,2,3,0,4568,10034,0,0,20,4,3,0,10,2,3,9,5,8,7
38,0,1,1035,2,3,4,1,2,1,42,3,2,4,0,6861,4981,8,1,12,3,3,0,19,1,3,1,0,0,0
36,0,1,216,1,6,2,3,2,1,84,3,2,2,2,4941,2819,6,0,20,4,4,2,7,0,3,3,2,0,1
39,0,2,945,1,22,3,3,4,0,82,3,3,1,0,10880,5083,1,1,13,3,3,0,21,2,3,21,6,2,8
34,0,1,258,2,21,4,1,4,1,74,4,2,4,0,5337,19921,1,0,12,3,4,0,10,3,3,10,7,5,7
32,0,0,953,1,5,4,5,2,1,65,3,1,2,0,2718,17674,2,0,14,3,2,0,12,3,3,7,7,0,7
34,0,1,479,1,7,4,3,1,1,35,3,1,4,0,2972,22061,1,0,13,3,3,0,1,4,1,1,0,0,0
42,0,0,179,0,2,5,3,4,1,79,4,2,1,1,6272,12858,7,0,16,3,1,1,10,3,4,4,3,0,3
31,1,2,534,1,20,3,1,1,1,66,3,3,3,1,9824,22908,3,0,12,3,1,0,12,2,3,1,0,0,0
19,1,1,303,1,2,3,1,2,1,47,2,1,4,0,1102,9241,1,0,22,4,3,0,1,3,2,1,0,1,0
52,0,0,715,1,19,4,3,4,1,41,3,1,4,1,4258,26589,0,0,18,3,1,1,5,3,3,4,3,1,2
35,1,2,880,2,12,4,4,4,1,36,3,2,4,0,4581,10414,3,1,24,4,1,0,13,2,4,11,9,6,7
57,0,1,210,2,29,3,2,1,1,56,2,4,4,2,14118,22102,3,0,12,3,3,1,32,3,2,1,0,0,0
31,0,2,798,1,7,2,1,3,0,48,2,3,3,1,8943,14034,1,0,24,4,1,1,10,2,3,10,9,8,9
42,0,1,1265,1,3,3,1,3,0,95,4,2,4,1,5231,23726,2,1,13,3,2,1,17,1,2,5,3,1,3
36,0,1,1425,1,14,1,1,3,1,68,3,2,4,1,6586,4821,0,1,17,3,1,1,17,2,2,16,8,4,11
42,0,1,544,0,2,1,5,3,1,52,3,1,3,2,2696,24017,0,1,11,3,3,1,4,5,3,3,2,1,0
35,0,1,619,2,1,3,2,2,1,85,3,2,3,1,4717,18659,9,0,11,3,3,0,15,2,3,11,9,6,9
25,0,1,266,1,1,3,3,4,0,40,3,1,2,0,2096,18830,1,0,18,3,4,0,2,3,2,2,2,2,1
22,0,0,1123,1,16,2,3,4,1,96,4,1,4,2,2935,7324,1,1,13,3,2,2,1,2,2,1,0,0,0
54,0,2,1050,1,11,4,3,2,0,87,3,4,4,2,16032,24456,3,0,20,4,1,1,26,2,3,14,9,1,12
44,0,2,1193,1,2,1,3,2,1,86,3,3,3,0,10209,19719,5,1,18,3,2,0,16,2,2,2,2,2,2
42,0,1,300,1,2,3,1,1,1,56,3,5,3,1,18880,17312,5,0,11,3,1,0,24,2,2,22,6,4,14
28,0,1,866,2,5,3,3,4,1,84,3,2,1,0,8463,23490,0,0,18,3,4,0,6,4,3,5,4,1,3
35,0,1,1224,2,7,4,1,3,0,55,3,2,4,1,5204,13586,1,1,11,3,4,0,10,2,3,10,8,0,9
47,0,0,1169,1,14,4,5,3,1,64,3,2,2,1,5467,2125,8,0,18,3,3,1,16,4,4,8,7,1,7
23,0,1,1309,1,26,1,1,3,1,83,3,1,4,2,2904,16092,1,0,12,3,3,2,4,2,2,4,2,0,2
26,0,1,703,2,28,2,2,1,1,66,3,2,2,1,6272,7428,1,0,20,4,4,2,6,5,4,5,3,1,4
33,0,2,553,1,5,4,1,4,0,74,3,3,2,1,11878,23364,6,0,11,3,2,2,12,2,3,10,6,8,8
33,0,0,1038,2,8,1,1,2,0,88,2,1,4,0,2342,21437,0,0,19,3,4,0,3,2,2,2,2,2,2
38,0,1,1009,2,2,2,1,2,0,31,3,2,1,2,6893,19461,3,0,15,3,4,1,11,3,3,7,7,1,7
42,0,1,319,1,24,3,3,4,1,56,3,3,1,1,7406,6950,1,1,21,4,4,1,10,5,2,10,9,5,8
27,0,1,1157,1,17,3,5,3,1,51,3,1,2,1,3058,13364,0,1,16,3,4,1,6,3,2,5,2,1,1
52,0,1,1053,1,1,2,1,4,1,70,3,4,4,1,17099,13829,2,0,15,3,2,1,26,2,2,9,8,7,8
49,0,2,1023,2,2,3,3,4,1,63,2,2,2,1,5390,13243,2,0,14,3,4,0,17,3,2,9,6,0,8
41,0,1,802,2,9,1,1,3,1,96,3,3,3,2,8189,21196,3,1,13,3,3,1,12,2,3,9,7,0,7
39,1,2,203,1,2,3,1,1,1,84,3,4,4,2,12169,13547,7,0,11,3,4,3,21,4,3,18,7,11,5
30,0,2,1312,1,2,4,5,4,0,78,2,1,1,0,4968,26427,0,0,16,3,4,0,10,2,3,9,7,0,7
39,0,1,492,1,12,3,3,4,1,66,3,2,2,1,5295,7693,4,0,21,4,3,0,7,3,3,5,4,1,0
41,0,1,167,1,12,4,1,2,1,46,3,1,4,1,4766,9051,3,1,11,3,1,1,6,4,3,1,0,0,0
37,0,1,397,1,7,4,3,1,1,30,3,3,3,0,13664,25258,4,0,13,3,1,0,16,3,4,5,2,0,2
28,0,1,580,1,27,3,3,2,0,39,1,2,1,2,4877,20460,0,0,21,4,2,1,6,5,2,5,3,0,0
41,0,1,483,1,6,3,3,4,1,95,2,2,2,0,6032,10110,6,1,15,3,4,0,8,3,3,5,4,1,2
43,0,1,1473,1,8,4,4,3,0,74,3,2,3,2,4522,2227,4,1,14,3,4,0,8,3,3,5,2,0,2
53,0,1,1395,1,24,4,3,2,1,48,4,3,4,1,7005,3458,3,0,15,3,3,0,11,2,3,4,3,1,2
37,0,1,1305,1,10,4,1,3,1,49,3,2,2,0,4197,21123,2,1,12,3,4,0,18,2,2,1,0,0,1
30,1,2,464,1,4,3,5,3,1,40,3,1,4,0,2285,3427,9,1,23,4,3,0,3,4,3,1,0,0,0
31,0,1,1332,1,11,2,3,3,1,80,3,2,1,1,6833,17089,1,1,12,3,4,0,6,2,2,6,5,0,1
49,0,1,1313,2,11,4,2,4,0,80,3,2,4,0,4507,8191,3,0,12,3,3,0,8,1,4,5,1,0,4
43,0,2,394,2,26,2,1,3,1,92,3,4,4,1,16959,19494,1,1,12,3,4,2,25,3,4,25,12,4,12
23,0,1,160,1,4,1,3,3,0,51,3,1,2,0,3295,12862,1,0,13,3,3,0,3,3,1,3,2,1,2
29,0,1,1370,1,3,1,3,2,1,87,3,1,1,0,4723,16213,1,1,18,3,4,0,10,3,3,10,9,1,5
29,1,1,896,1,18,1,3,3,1,86,2,1,4,0,2389,14961,1,1,13,3,3,0,4,3,2,4,3,0,1
24,0,2,897,0,10,3,3,1,1,59,3,1,4,1,2145,2097,0,0,14,3,4,1,3,2,3,2,2,2,1
36,1,1,1218,2,9,4,1,3,1,82,2,1,1,0,3407,6986,7,0,23,4,2,0,10,4,3,5,3,0,3
44,0,2,602,0,1,5,0,1,1,37,3,2,4,1,5743,10503,4,1,11,3,3,0,14,3,3,10,7,0,2
50,0,1,1464,1,2,4,3,2,1,62,3,5,3,1,19237,12853,2,1,11,3,4,1,29,2,2,8,1,7,7
54,0,1,821,1,5,2,3,1,1,86,3,5,1,1,19406,8509,4,0,11,3,3,1,24,4,2,4,2,1,2
37,1,2,504,1,10,3,3,1,1,61,3,3,3,2,10048,22573,6,0,11,3,2,2,17,5,3,1,0,0,0
40,0,1,1300,1,24,2,5,1,1,62,3,2,4,2,3319,24447,1,0,17,3,1,2,9,3,3,9,8,4,7
42,0,1,1210,1,2,3,3,3,1,68,2,1,2,1,4841,24052,4,0,14,3,2,1,4,3,3,1,0,0,0
43,0,1,1273,1,2,2,3,4,0,72,4,1,3,2,2645,21923,1,0,12,3,4,2,6,3,2,5,3,1,4
36,0,1,676,1,1,3,4,3,0,35,3,2,2,1,5228,23361,0,0,15,3,1,1,10,2,3,9,7,0,5
34,0,1,546,1,10,3,1,2,1,83,3,1,2,2,2008,6896,1,0,14,3,2,2,1,3,3,1,0,1,0
29,0,1,1176,2,3,2,3,2,0,62,3,2,3,1,5561,3487,1,0,14,3,1,1,6,5,2,6,0,1,2
27,0,1,1354,1,2,4,5,2,1,41,3,1,2,1,2226,6073,1,0,11,3,3,1,6,3,2,5,3,1,2
35,0,1,1146,0,26,4,1,3,0,31,3,3,4,0,8837,16642,1,1,16,3,3,0,9,2,3,9,0,1,7
40,0,0,1142,1,8,2,1,4,1,72,3,2,4,2,4069,8841,3,1,18,3,3,0,8,2,3,2,2,2,2
34,0,1,285,1,29,3,3,2,1,86,3,2,3,1,5429,17491,4,0,13,3,1,2,10,1,3,8,7,7,7
31,0,1,1112,2,5,4,1,1,0,67,3,2,4,1,5476,22589,1,0,11,3,1,2,10,2,3,10,0,0,2
22,0,1,534,1,15,3,3,2,0,59,3,1,4,0,2871,23785,1,0,15,3,3,0,1,5,3,0,0,0,0
55,0,1,282,1,2,2,3,4,0,58,1,5,3,1,19187,6992,4,0,14,3,4,1,23,5,3,19,9,9,11
55,0,1,1311,1,2,3,1,3,0,97,3,4,4,0,16659,23258,2,1,13,3,3,0,30,2,3,5,4,1,2
46,0,1,1450,1,15,2,1,4,1,52,3,5,2,1,19081,10849,5,0,11,3,1,1,25,2,3,4,2,0,3
26,1,2,887,1,5,2,3,3,0,88,2,1,3,1,2366,20898,1,1,14,3,1,1,8,2,3,8,7,1,7
42,0,1,933,1,29,3,1,2,1,98,3,2,2,1,4434,11806,1,0,13,3,4,1,10,3,2,9,8,7,8
39,0,1,1498,2,21,4,1,1,1,44,2,2,4,1,6120,3567,3,1,12,3,4,2,8,2,4,5,4,1,4
46,0,1,991,0,1,2,1,4,0,44,3,1,1,0,3423,22957,6,0,12,3,3,0,10,3,4,7,6,5,7
52,0,2,890,1,25,4,3,3,0,81,2,4,4,1,13826,19028,3,0,22,4,3,0,31,3,3,9,8,0,0
25,1,1,1219,1,4,1,5,4,1,32,3,1,4,1,3691,4605,1,1,15,3,2,1,7,3,4,7,7,5,6
27,0,1,1167,1,4,2,1,1,1,76,3,1,3,2,2517,3208,1,0,11,3,2,3,5,2,3,5,3,0,3
58,1,2,781,1,2,1,1,4,1,57,2,1,4,2,2380,13384,9,1,14,3,4,1,3,3,2,1,0,0,0
40,0,2,791,1,2,2,3,3,0,38,4,2,2,1,4244,9931,1,0,24,4,4,1,8,2,3,8,7,3,7
45,0,2,1297,1,1,4,3,2,1,44,3,2,3,0,5399,14511,4,0,12,3,3,0,12,3,3,4,2,0,3
46,0,1,566,1,7,2,3,4,1,75,3,3,3,2,10845,24208,6,0,13,3,2,1,13,3,3,8,7,0,7
19,1,2,602,2,1,1,5,3,0,100,1,1,1,0,2325,20989,0,0,21,4,1,0,1,5,4,0,0,0,0
49,0,1,527,1,8,2,4,1,0,51,3,3,2,1,7403,22477,4,0,11,3,3,1,29,3,2,26,9,1,7
32,0,1,1401,2,4,2,1,3,0,56,3,1,2,1,3931,20990,2,0,11,3,1,1,6,5,3,4,3,1,2
58,1,1,289,1,2,3,5,4,1,51,3,1,3,0,2479,26227,4,0,24,4,1,0,7,4,3,1,0,0,0
38,0,1,1404,2,1,3,1,1,1,59,2,1,1,0,2858,11473,4,0,14,3,1,0,20,3,2,1,0,0,0
35,0,1,1370,1,27,4,1,4,1,49,3,2,3,1,6883,5151,2,0,16,3,2,1,17,3,3,7,7,0,7
20,0,1,805,1,3,3,1,1,1,87,2,1,3,0,3033,12828,1,0,12,3,1,0,2,2,2,2,2,1,2
31,1,0,335,1,9,2,3,3,1,46,2,1,1,0,2321,10322,0,1,22,4,1,0,4,0,3,3,2,1,2
56,1,1,310,1,7,2,5,4,1,72,3,1,3,1,2339,3666,8,0,11,3,4,1,14,4,1,10,9,9,8
31,0,1,691,2,7,3,2,4,1,73,3,2,4,2,7547,7143,4,0,12,3,4,3,13,3,3,7,7,1,7
30,0,2,1312,1,23,3,1,1,1,96,1,1,3,2,2613,22310,1,0,25,4,3,3,10,2,2,10,7,0,9
54,0,1,431,1,7,4,3,4,0,68,3,2,4,1,6854,15696,4,0,15,3,2,1,14,2,2,7,1,1,7
29,0,0,1496,1,1,1,5,4,1,41,3,2,3,1,4319,26283,1,0,13,3,1,1,10,1,3,10,7,0,9
27,0,1,1054,1,8,3,3,3,0,67,3,1,4,0,3445,6152,1,0,11,3,3,0,6,5,2,6,2,1,4
53,0,1,661,2,7,2,2,1,0,78,2,3,4,1,10934,20715,7,1,18,3,4,1,35,3,3,5,2,0,4
25,0,1,959,2,28,3,1,1,1,41,2,2,3,1,8639,24835,2,0,18,3,4,0,6,3,3,2,2,2,2
26,0,1,841,1,6,3,4,3,0,46,2,1,2,1,2368,23300,1,0,19,3,3,0,5,3,2,5,4,4,3
31,0,1,688,2,7,3,1,3,1,44,2,3,4,2,11557,25291,9,0,21,4,3,1,10,3,2,5,4,0,1
36,0,2,1195,1,11,3,1,2,1,95,2,2,2,0,6499,22656,1,0,13,3,3,0,6,3,3,6,5,0,3
35,0,2,636,1,4,4,4,4,1,47,2,1,4,1,2376,26537,1,0,13,3,2,1,2,2,4,2,2,2,2
55,0,2,135,1,18,4,3,3,1,62,3,2,2,1,6385,12992,3,1,14,3,4,2,17,3,3,8,7,6,7
40,0,1,1137,1,1,4,1,1,1,98,3,4,1,2,16823,18991,2,0,11,3,1,1,22,3,3,19,7,11,16
28,1,0,1366,1,24,2,5,2,1,72,2,3,1,0,8722,12355,1,0,12,3,1,0,10,2,2,10,7,1,9
30,0,1,1092,1,10,3,3,1,0,64,3,3,3,0,9667,2739,9,0,14,3,2,0,9,3,3,7,7,0,2
32,0,1,638,1,8,2,3,3,0,91,4,2,3,1,5175,22162,5,0,12,3,3,1,9,3,2,5,3,1,3
38,0,2,471,1,12,3,1,1,1,45,2,2,1,2,6288,4284,2,0,15,3,3,1,13,3,2,4,3,1,2
36,0,1,1120,2,11,4,2,2,0,100,2,2,4,1,6652,14369,4,0,13,3,1,1,8,2,2,6,3,0,0
29,0,1,1082,1,9,4,3,4,0,43,3,1,3,1,2974,25412,9,0,17,3,3,1,9,2,3,5,3,1,2
46,0,1,526,2,1,2,2,2,0,92,3,3,1,2,10453,2137,1,0,25,4,3,3,24,2,3,24,13,15,7
44,0,1,921,1,2,3,1,3,0,96,4,3,4,1,7879,14810,1,1,19,3,2,1,9,2,3,8,7,6,7
34,1,2,296,2,6,2,2,4,0,33,1,1,3,2,2351,12253,0,0,16,3,4,1,3,3,2,2,2,1,0
37,1,1,807,0,6,4,0,3,1,63,3,1,1,2,2073,23648,4,1,22,4,4,0,7,3,3,3,2,0,2
29,1,2,115,2,13,3,5,1,0,51,3,2,2,0,5765,17485,5,0,11,3,1,0,7,4,1,5,3,0,0
54,0,1,1147,2,3,3,2,4,0,52,3,2,1,1,5940,17011,2,0,14,3,4,1,16,4,3,6,2,0,5
42,0,1,265,2,5,2,2,4,1,90,3,5,3,1,18303,7770,6,0,13,3,2,0,21,3,4,1,0,0,0
45,0,1,549,1,8,4,4,4,1,75,3,2,4,1,3697,9278,9,0,14,3,1,2,12,3,3,10,9,9,8
44,0,1,528,0,1,3,1,3,0,44,3,1,4,2,3195,4167,4,1,18,3,1,3,8,2,3,2,2,2,2
34,0,1,1031,1,6,4,1,3,0,45,2,2,2,2,4505,15000,6,0,15,3,3,1,12,3,3,1,0,0,0
34,0,1,1400,2,9,1,1,2,0,70,3,2,3,1,5714,5829,1,0,20,4,1,0,6,3,2,6,5,1,3
38,0,1,1333,1,1,3,5,4,0,80,3,3,1,1,13582,16292,1,0,13,3,2,1,15,3,3,15,12,5,11
27,0,1,199,1,6,3,1,4,1,55,2,1,3,1,2539,7950,1,0,13,3,3,1,4,0,3,4,2,2,2
36,0,1,1396,1,5,2,1,4,1,62,3,2,2,0,5914,9945,8,0,16,3,4,0,16,3,4,13,11,3,7
40,0,1,555,1,2,3,3,2,0,78,2,2,3,1,3448,13436,6,0,22,4,2,1,20,3,3,1,0,0,0
56,1,1,1162,1,24,2,1,1,1,97,3,1,4,0,2587,10261,1,0,16,3,4,0,5,3,3,4,2,1,0
32,1,1,1089,1,7,2,1,4,1,79,3,2,3,1,4883,22845,1,0,18,3,1,1,10,3,3,10,4,1,1
31,0,1,691,1,5,4,5,3,1,86,3,1,4,1,4821,10077,0,1,12,3,3,1,6,4,3,5,2,0,3
33,0,1,867,1,8,4,1,4,1,90,4,1,1,1,3143,6076,6,0,19,3,2,1,14,1,3,10,8,7,6
38,0,1,1206,1,9,2,1,2,1,71,3,1,4,2,4771,14293,2,0,19,3,4,2,10,0,4,5,2,0,3
32,0,1,929,2,10,3,2,4,1,55,3,2,4,0,5396,21703,1,0,12,3,4,0,10,2,2,10,7,0,8
24,1,1,1448,2,1,1,5,1,0,62,3,1,2,0,3202,21972,1,1,16,3,2,0,6,4,3,5,3,1,4
31,0,2,1327,1,3,4,3,2,1,73,3,3,3,2,13675,13523,9,0,12,3,1,1,9,3,3,2,2,2,2
26,0,2,1283,2,1,3,3,3,1,52,2,2,1,0,4294,11148,1,0,12,3,2,0,7,2,3,7,7,0,7
38,0,1,243,2,7,4,2,4,0,46,2,2,4,0,4028,7791,0,0,20,4,1,0,8,2,3,7,7,0,5
35,0,1,660,2,7,1,1,4,1,76,3,1,3,1,2404,16192,1,0,13,3,1,1,1,3,3,1,0,0,0
35,0,1,992,1,1,3,3,4,1,68,2,1,1,0,2450,21731,1,0,19,3,2,0,3,3,3,3,0,1,2
35,0,1,682,2,18,4,3,2,1,71,3,2,1,1,5561,15975,0,0,16,3,4,1,6,2,1,5,3,0,4
51,0,1,1405,1,11,2,5,4,0,82,2,4,2,0,13142,24439,3,0,16,3,2,0,29,1,2,5,2,0,3
31,0,1,480,1,7,2,3,2,0,31,3,2,1,1,4306,4156,1,0,12,3,2,1,13,5,1,13,10,3,12
24,0,0,1269,1,4,1,1,1,1,46,2,1,4,1,3162,10778,0,0,17,3,4,0,6,2,2,5,2,3,4
37,0,0,1040,1,2,2,1,3,1,100,2,2,4,2,5163,15850,5,0,14,3,4,1,17,2,4,1,0,0,0
21,0,1,984,1,1,1,5,4,0,70,2,1,2,0,2070,25326,1,1,11,3,3,0,2,6,4,2,2,2,2
39,0,0,792,1,1,3,1,4,1,77,3,2,4,1,6472,8989,1,1,15,3,4,1,9,2,3,9,8,5,8
39,0,2,711,1,4,3,3,1,0,81,3,2,3,0,5042,3140,0,0,13,3,4,0,10,2,1,9,2,3,8
30,1,1,138,1,22,3,1,1,0,48,3,1,3,1,2132,11539,4,1,11,3,2,0,7,2,3,5,2,0,1
40,0,1,1308,1,14,3,3,3,1,44,2,5,3,0,19626,17544,1,0,14,3,1,0,21,2,4,20,7,4,9
26,0,1,683,1,2,1,3,1,1,36,2,1,4,0,3904,4050,0,0,12,3,4,0,5,2,3,4,3,1,1
28,1,1,1434,1,5,4,5,3,1,50,3,1,3,0,3441,11179,1,1,13,3,3,0,2,3,2,2,2,2,2
30,0,1,946,1,2,3,3,3,0,52,2,2,4,0,6877,20234,5,1,24,4,2,0,12,4,2,0,0,0,0
30,0,0,641,2,25,2,5,4,0,85,3,2,3,1,4736,6069,7,1,12,3,2,1,4,2,4,2,2,2,2
28,0,0,1103,1,16,3,3,3,1,49,3,1,3,0,2144,2122,1,0,14,3,3,0,5,3,2,5,3,1,4
26,0,1,775,2,29,2,3,1,1,45,3,2,3,2,4306,4267,5,0,12,3,1,2,8,5,3,0,0,0,0
34,0,1,419,1,7,4,1,1,0,53,3,3,2,0,11994,21293,0,0,11,3,3,0,13,4,3,12,6,2,11
28,0,1,304,2,9,4,1,2,1,92,3,2,4,0,5253,20750,1,0,16,3,4,0,7,1,3,7,5,0,7
41,0,1,314,0,1,3,0,4,1,59,2,5,3,1,19189,19562,1,0,12,3,2,1,22,3,3,22,7,2,10
27,0,2,591,1,2,3,3,4,1,87,3,1,4,0,2580,6297,2,0,13,3,3,0,6,0,2,4,2,1,2
45,0,0,1052,2,6,3,3,4,0,57,2,3,4,0,8865,16840,6,0,12,3,4,0,23,2,3,19,7,12,8
23,1,1,1243,1,6,3,1,3,1,63,4,1,1,1,1601,3445,1,1,21,4,3,2,1,2,3,0,0,0,0
31,0,0,325,1,5,3,3,2,1,74,3,2,1,0,9936,3787,0,0,19,3,2,0,10,2,3,9,4,1,7
44,0,1,1467,1,20,3,1,4,1,49,3,1,2,0,3420,21158,1,0,13,3,3,0,6,3,2,5,2,1,3
44,0,1,1315,1,3,4,4,4,1,35,3,5,4,1,19513,9358,4,1,12,3,1,1,26,2,4,2,2,0,1
30,0,1,231,2,8,2,4,3,1,62,3,3,3,2,7264,9977,5,0,11,3,1,1,10,2,4,8,4,7,7
49,0,1,1261,1,7,3,4,2,1,31,2,3,3,0,10965,12066,8,0,24,4,3,0,26,2,3,5,2,0,0
55,1,1,267,2,13,4,2,1,1,85,4,4,3,0,13695,9277,6,1,17,3,3,0,24,2,2,19,7,3,8
45,0,1,1015,1,5,5,3,3,0,50,1,2,1,0,5769,23447,1,1,14,3,1,0,10,3,3,10,7,1,4
28,0,1,1300,1,17,2,3,3,1,79,3,2,1,2,4558,13535,1,0,12,3,4,1,10,2,3,10,0,1,8
30,0,0,1400,1,3,3,1,3,1,53,3,1,4,1,2097,16734,4,0,15,3,3,1,9,3,1,5,3,1,4
49,0,1,809,1,1,3,1,3,1,36,3,4,3,0,15379,22384,4,0,14,3,1,0,23,2,3,8,7,0,0
30,0,0,111,1,9,3,3,3,1,66,3,2,1,2,3072,11012,1,0,11,3,3,2,12,4,3,12,9,6,10
31,0,1,616,1,12,3,3,4,0,41,3,2,4,1,5855,17369,0,1,11,3,3,2,10,2,1,9,7,8,5
28,0,2,773,1,6,3,1,3,1,39,2,1,3,2,2703,22088,1,1,14,3,4,1,3,2,3,3,1,0,2
47,0,1,983,1,2,2,3,1,0,65,3,2,4,2,5070,7389,5,0,13,3,3,3,20,2,3,5,0,0,4
45,0,1,176,0,4,3,1,3,0,56,1,3,3,1,9756,6595,4,0,21,4,3,2,9,2,4,5,0,0,3
41,0,1,548,1,9,4,1,3,1,94,3,1,1,2,2289,20520,1,0,20,4,2,2,5,2,3,5,3,0,4
45,0,0,248,1,23,2,1,4,1,42,3,2,1,1,3633,14039,1,1,15,3,3,1,9,2,3,9,8,0,8
29,0,2,442,2,2,2,1,2,1,44,3,2,4,0,4554,20260,1,0,18,3,1,0,10,3,2,10,7,0,9
24,0,1,350,1,21,2,5,3,1,57,2,1,1,2,2296,10036,0,0,14,3,2,3,2,3,3,1,1,0,0
32,0,0,1200,1,1,4,5,4,1,62,3,2,1,1,4087,25174,4,0,14,3,2,1,9,3,2,6,5,1,2
35,0,1,607,1,9,3,1,4,0,66,2,3,3,1,10685,23457,1,1,20,4,2,1,17,2,3,17,14,5,15
39,0,1,466,1,1,1,1,4,0,65,2,4,4,1,12742,7060,1,0,16,3,3,1,21,3,3,21,6,11,8
33,0,1,1216,2,8,4,2,3,1,39,3,2,3,2,7104,20431,0,0,12,3,4,0,6,3,3,5,0,1,2
40,0,2,1469,1,9,4,3,4,1,35,3,1,2,2,3617,25063,8,1,14,3,4,1,3,2,3,1,1,0,0
41,1,1,1102,2,1,2,1,2,0,94,3,2,4,0,5993,19479,8,1,11,3,1,0,8,0,1,6,4,0,5
43,0,1,531,2,4,4,2,4,0,56,2,3,4,0,10231,20364,3,0,14,3,4,0,23,3,4,21,7,15,17
35,0,0,208,1,8,4,1,3,0,52,3,2,3,1,4148,12250,1,0,12,3,4,1,15,5,3,14,11,2,9
38,0,1,397,1,2,2,3,4,0,54,2,3,3,1,7756,14199,3,1,19,3,4,1,10,6,4,5,4,0,2
39,1,1,1162,2,3,2,3,4,0,41,3,2,3,1,5238,17778,4,1,18,3,1,0,12,3,2,1,0,0,0
20,1,2,871,1,6,3,1,4,0,66,2,1,4,0,2926,19783,1,1,18,3,2,0,1,5,3,1,0,1,0
51,0,1,1469,1,8,4,1,2,1,81,2,3,2,1,12490,15736,5,0,16,3,4,2,16,5,1,10,9,4,7
29,0,1,1401,1,6,1,3,2,0,54,3,1,4,1,3131,26342,1,0,13,3,1,1,10,5,3,10,8,0,8
33,0,1,832,1,5,4,1,3,0,63,2,1,4,1,2911,14776,1,0,13,3,3,1,2,2,2,2,2,0,2
32,0,1,529,1,2,3,5,4,1,78,3,1,1,0,2439,11288,1,0,14,3,4,0,4,4,3,4,2,1,2
43,0,1,1291,1,15,2,1,3,1,65,2,4,3,1,17603,3525,1,0,24,4,1,1,14,3,3,14,10,6,11
42,0,1,1142,1,8,3,1,4,1,81,3,1,3,0,3968,13624,4,0,13,3,4,0,8,3,3,0,0,0,0
38,0,2,594,1,2,2,3,3,0,75,2,1,2,1,2468,15963,4,0,14,3,2,1,9,4,2,6,1,0,5
46,0,1,717,1,13,4,1,3,1,34,3,2,2,0,5562,9697,6,0,14,3,4,0,19,3,3,10,7,0,9
46,0,0,1144,1,7,4,3,3,0,30,3,2,3,1,5258,16044,2,0,14,3,3,0,7,2,4,1,0,0,0
37,0,1,1017,1,1,2,3,3,0,83,2,1,1,1,3920,18697,2,0,14,3,1,1,17,2,2,3,1,0,2
48,0,1,1355,1,4,4,1,3,1,78,2,3,3,0,10999,22245,7,0,14,3,2,0,27,3,3,15,11,4,8
32,1,2,1125,1,16,1,1,2,0,72,1,1,1,0,3919,4681,1,1,22,4,2,0,10,5,3,10,2,6,7
29,1,1,408,2,23,1,1,4,0,45,2,3,1,1,7336,11162,1,0,13,3,1,1,11,3,1,11,8,3,10
49,0,2,1064,1,2,1,1,2,1,42,3,5,4,1,19161,13738,3,0,15,3,4,0,28,3,3,5,4,4,3
36,0,1,188,1,7,4,4,2,1,65,3,1,4,0,4678,23293,2,0,18,3,3,0,8,6,3,6,2,0,1
40,0,1,118,2,14,2,1,4,0,84,3,2,1,1,4639,11262,1,0,15,3,3,1,5,2,3,5,4,1,2
33,0,2,1392,1,3,4,1,4,0,56,3,1,3,1,2909,23159,1,1,11,3,3,0,8,3,3,8,7,3,0
26,0,1,1355,0,25,1,1,3,0,61,3,1,3,1,2942,8916,1,0,23,4,4,1,8,3,3,8,7,5,7
40,0,2,593,1,9,4,3,2,0,88,3,3,3,0,13499,13782,9,0,17,3,3,0,20,3,2,18,7,2,13
26,0,1,933,2,1,3,1,3,1,57,3,2,3,1,5296,20156,1,0,17,3,2,1,8,3,3,8,7,7,7
31,0,2,444,2,5,3,2,4,0,84,3,1,2,2,2789,3909,1,0,11,3,3,1,2,5,2,2,2,2,2
35,0,1,1219,2,18,3,3,3,0,86,3,2,3,1,4601,6179,1,0,16,3,2,0,5,3,3,5,2,1,0
34,0,1,1326,2,3,3,4,4,1,81,1,2,1,0,4759,15891,3,0,18,3,4,0,15,2,3,13,9,3,12
41,0,1,447,1,5,3,1,2,1,85,4,2,2,0,6870,15530,3,0,12,3,1,0,11,3,1,3,2,1,2
31,0,1,408,1,9,4,1,3,1,42,2,1,2,0,2657,7551,0,1,16,3,4,0,3,5,3,2,2,2,2
60,0,1,370,1,1,4,3,3,1,92,1,3,4,2,10883,20467,3,0,20,4,3,1,19,2,4,1,0,0,0
37,0,2,319,2,4,4,2,1,1,41,3,1,4,2,2793,2539,4,0,17,3,3,1,13,2,3,9,8,5,8
27,0,1,1130,2,8,4,2,2,0,56,3,2,2,1,6214,3415,1,0,18,3,1,1,8,3,3,8,7,0,7
43,1,2,807,1,17,3,5,3,1,38,2,1,3,1,2437,15587,9,1,16,3,4,1,6,4,3,1,0,0,0
45,0,1,252,1,2,3,1,2,0,95,2,1,3,0,2274,6153,1,0,14,3,4,0,1,3,3,1,0,0,0
29,0,1,232,1,19,3,5,4,1,34,3,2,4,2,4262,22645,4,0,12,3,2,2,8,2,4,3,2,1,2
59,0,1,1435,2,25,3,1,1,0,99,3,3,1,0,7637,2354,7,0,11,3,4,0,28,3,2,21,16,7,9
33,0,2,1111,2,5,1,1,2,1,61,3,2,4,1,9998,19293,6,0,13,3,1,0,8,2,4,5,4,1,2
52,0,0,771,2,2,4,1,1,1,79,2,5,3,0,19068,21030,1,1,18,3,4,0,33,2,4,33,7,15,12
43,0,2,422,1,1,3,1,4,0,33,3,2,4,1,5562,21782,4,0,13,3,2,1,12,2,2,5,2,2,2
54,0,0,142,0,26,3,0,4,0,30,4,4,4,0,17328,13871,2,1,12,3,3,0,23,3,3,5,3,4,4
34,0,1,704,2,28,3,2,4,0,95,2,2,3,1,6712,8978,1,0,21,4,4,2,8,2,3,8,7,1,7
24,1,1,240,0,22,1,0,4,1,58,1,1,3,1,1555,11585,1,0,11,3,3,1,1,2,3,1,0,0,0
37,0,1,571,1,10,1,1,4,0,82,3,1,1,2,2782,19905,0,1,13,3,2,2,6,3,2,5,3,4,3
58,1,1,147,1,23,4,3,4,0,94,3,3,4,1,10312,3465,1,0,12,3,4,1,40,3,2,40,10,15,6
54,0,1,971,1,1,3,3,4,0,54,3,4,4,0,17328,5652,6,0,19,3,4,0,29,3,2,20,7,12,7
48,0,2,365,1,4,5,3,3,1,89,2,4,4,1,15202,5602,2,0,25,4,2,1,23,3,3,2,2,2,2
56,0,1,718,1,4,4,5,4,0,92,3,5,1,2,19943,18575,4,0,13,3,4,1,28,2,3,5,2,4,2
33,0,1,1069,1,1,3,1,2,0,42,2,2,4,0,6949,12291,0,0,14,3,1,0,6,3,3,5,0,1,4
39,0,1,1329,2,4,4,1,4,0,47,2,2,3,1,5902,14590,4,0,14,3,3,1,17,1,4,15,11,5,9
58,0,1,1055,1,1,3,3,4,0,76,3,5,1,1,19701,22456,3,1,21,4,3,1,32,3,3,9,8,1,5
33,0,1,392,2,2,4,3,4,1,93,3,2,4,2,5505,3921,1,0,14,3,3,2,6,5,3,6,2,0,4
30,0,1,1358,1,24,1,1,4,1,67,3,1,3,2,2693,13335,1,0,22,4,2,1,1,2,3,1,0,0,0
53,0,1,238,2,1,1,3,4,0,34,3,2,1,0,8381,7507,7,0,20,4,4,0,18,2,4,14,7,8,10
45,0,1,1457,1,7,3,3,1,0,83,3,1,3,1,4477,20100,4,1,19,3,3,1,7,2,2,3,2,0,2
52,1,1,1030,2,5,3,1,2,1,64,3,3,2,0,8446,21534,9,1,19,3,3,0,10,2,2,8,7,7,7
44,0,1,986,1,8,4,1,1,1,62,4,1,4,1,2818,5044,2,1,24,4,3,1,10,2,2,3,2,0,2
28,0,2,193,1,2,3,1,4,1,52,2,1,4,1,3867,14222,1,1,12,3,2,1,2,2,3,2,2,2,2
27,0,1,155,1,4,3,1,2,1,87,4,2,2,1,6142,5174,1,1,20,4,2,1,6,0,3,6,2,0,3
45,0,1,192,1,10,2,1,1,1,69,3,1,4,1,2654,9655,3,0,21,4,4,2,8,3,2,2,2,0,2
37,0,1,161,1,10,3,1,3,0,42,4,3,4,1,13744,15471,1,1,25,4,1,1,16,2,3,16,11,6,8
21,1,2,756,2,1,1,5,1,0,99,2,1,2,0,2174,9150,1,1,11,3,3,0,3,3,3,3,2,1,2
45,0,1,194,1,9,3,1,2,1,60,3,2,2,2,2348,10901,8,0,18,3,3,1,20,2,1,17,9,0,15
29,0,1,144,2,10,1,2,4,0,39,2,2,2,2,8268,11866,1,1,14,3,1,2,7,2,3,7,7,1,7
36,0,0,1105,1,24,4,1,2,0,47,3,2,2,1,5674,6927,7,0,15,3,3,1,11,3,3,9,8,0,8
29,1,1,350,0,13,3,0,1,1,56,2,1,1,2,2335,3157,4,1,15,3,4,3,4,3,3,2,2,2,0
28,0,1,760,2,2,4,2,2,0,81,3,2,2,1,4779,3698,1,1,20,4,1,0,8,2,3,8,7,7,5
31,0,2,1125,1,1,3,1,4,1,48,1,2,1,1,5003,5771,1,0,21,4,2,0,10,6,3,10,8,8,7
53,0,1,1070,1,3,4,3,3,1,45,3,4,3,1,17584,21016,3,1,16,3,4,3,21,5,2,5,3,1,3
30,0,1,305,1,16,3,1,3,1,58,4,2,3,1,5294,9128,3,0,16,3,3,1,10,3,3,7,0,1,7
22,0,1,581,1,1,2,1,4,1,63,3,1,3,0,3375,17624,0,0,12,3,4,0,4,2,4,3,2,1,2
46,0,1,228,2,3,3,1,3,0,51,3,4,2,1,16606,11380,8,0,12,3,4,1,23,2,4,13,12,5,1
39,0,2,1218,1,1,1,1,2,1,52,3,5,3,2,19197,8213,1,1,14,3,3,1,21,3,3,21,8,1,6
52,0,1,956,1,6,2,5,4,1,78,3,2,1,2,5577,22087,3,1,12,3,2,2,18,3,3,10,9,6,9
45,1,2,306,2,26,4,1,1,0,100,3,2,1,1,4286,5630,2,0,14,3,4,2,5,4,3,1,1,0,0
53,0,1,970,1,7,3,1,3,1,59,4,4,3,1,14814,13514,3,0,19,3,3,0,32,3,3,5,1,1,3
31,1,1,202,1,8,3,1,1,0,34,2,1,2,0,1261,22262,1,0,12,3,3,0,1,3,4,1,0,0,0
29,0,1,1329,1,7,3,1,3,1,82,3,2,4,2,6623,4204,1,1,11,3,2,2,6,2,3,6,0,1,0
33,1,1,211,2,16,3,1,1,0,74,3,3,1,0,8564,10092,2,1,20,4,3,0,11,2,2,0,0,0,0
23,0,1,650,1,9,1,3,2,1,37,3,1,1,1,2500,4344,1,0,14,3,4,1,5,2,4,4,3,0,2
28,0,1,1217,1,1,3,3,3,0,67,3,1,1,1,3591,12719,1,0,25,4,3,1,3,3,3,3,2,1,2
47,0,1,1225,2,2,4,1,2,0,47,4,4,2,2,15972,21086,6,0,14,3,3,3,29,2,3,3,2,1,2
35,0,1,750,1,28,3,1,2,1,46,4,2,3,1,3407,25348,1,0,17,3,4,2,10,3,2,10,9,6,8
50,0,1,1322,1,28,3,1,4,0,43,3,4,1,1,16880,22422,4,1,11,3,2,0,25,2,3,3,2,1,2
57,0,1,334,1,24,2,1,3,1,83,4,3,4,2,9439,23402,3,1,16,3,2,1,12,2,1,5,3,1,4
29,1,1,318,1,8,4,4,2,1,77,1,1,1,1,2119,4759,1,1,11,3,4,0,7,4,2,7,7,0,7
37,0,1,1115,1,1,4,1,1,1,51,2,2,3,2,5993,2689,1,0,18,3,3,1,7,2,4,7,5,0,7
26,0,1,474,1,3,3,1,1,0,89,3,1,4,1,2061,11133,1,0,21,4,1,0,1,5,3,1,0,0,0
56,0,1,1443,2,11,5,2,4,0,89,2,2,1,1,5380,20328,4,0,16,3,3,1,6,3,3,0,0,0,0
31,0,1,1154,2,2,2,1,1,1,54,3,1,3,1,3067,6393,0,0,19,3,3,1,3,1,3,2,2,1,2
39,0,2,443,1,8,1,1,3,0,48,3,1,3,1,3755,17872,1,0,11,3,1,1,8,3,3,8,3,0,7
37,0,1,977,1,1,3,1,4,0,56,2,2,4,1,6474,9961,1,0,13,3,2,1,14,2,2,14,8,3,11
27,0,2,1131,1,15,3,1,4,0,77,2,1,1,1,4774,23844,0,0,19,3,4,1,8,2,2,7,6,7,3
34,0,2,426,1,10,4,1,3,1,42,4,2,4,2,4724,17000,1,0,13,3,1,1,9,3,3,9,7,7,2
26,0,1,572,2,10,3,3,3,1,46,3,2,4,0,4684,9125,1,0,13,3,1,0,5,4,3,5,3,1,2
30,0,1,413,2,7,1,2,4,1,57,3,1,2,0,2983,18398,0,0,14,3,1,0,4,3,3,3,2,1,2
27,0,0,1277,1,8,5,1,1,1,87,1,1,3,1,4621,5869,1,0,19,3,4,3,3,4,3,3,2,1,2
36,0,1,917,1,6,4,1,3,1,60,1,1,3,2,2741,6865,1,0,14,3,3,1,7,4,3,7,7,1,7
34,1,0,967,1,16,4,5,4,1,85,1,1,1,1,2307,14460,1,1,23,4,2,1,5,2,3,5,2,3,0
28,0,1,1451,1,2,1,1,1,1,67,2,1,2,1,3201,19911,0,0,17,3,1,0,6,2,1,5,3,0,4
49,1,2,1475,1,28,2,1,1,1,97,2,2,1,0,4284,22710,3,0,20,4,1,0,20,2,3,4,3,1,3
24,0,0,1092,1,9,3,1,3,1,60,2,1,2,2,2694,26551,1,0,11,3,3,3,1,4,3,1,0,0,0
30,0,1,1138,1,6,3,5,1,0,48,2,2,4,1,4627,23631,0,0,12,3,1,1,10,6,3,9,2,6,7
42,0,1,810,1,23,5,1,1,0,44,3,4,4,0,15992,15901,2,0,14,3,2,0,16,2,3,1,0,0,0
26,0,1,157,1,1,3,3,3,1,95,3,1,1,0,2867,20006,0,0,13,3,4,0,8,6,2,7,7,7,6
41,0,1,1283,1,5,5,3,2,1,90,4,1,3,1,2127,5561,2,1,12,3,1,0,7,5,2,4,2,0,3
26,1,1,471,1,24,3,5,3,1,66,1,1,4,0,2340,23213,1,1,18,3,2,0,1,3,1,1,0,0,0
38,0,2,1394,1,8,3,3,4,0,58,2,2,2,2,2133,18115,1,1,16,3,3,1,20,3,3,20,11,0,7
50,0,0,881,1,2,4,1,1,1,98,3,4,1,2,17924,4544,1,0,11,3,4,1,31,3,3,31,6,14,7
26,1,1,1146,2,8,3,5,4,1,38,2,2,1,0,5326,3064,6,0,17,3,3,0,6,2,2,4,3,1,2
35,0,1,672,1,25,3,5,4,1,78,2,3,2,1,10903,9129,3,0,16,3,1,0,16,2,3,13,10,4,8
58,1,1,286,1,2,4,1,4,1,31,3,5,2,0,19246,25761,7,1,12,3,4,0,40,2,3,31,15,13,8
54,0,2,966,1,1,4,1,4,0,53,3,3,3,2,10502,9659,7,0,17,3,1,1,33,2,1,5,4,1,4
24,0,2,535,2,24,3,3,4,1,38,3,1,4,1,2400,5530,0,0,13,3,3,2,3,3,3,2,2,2,1
28,1,2,1009,1,1,3,3,1,1,45,2,1,2,2,2596,7160,1,0,15,3,1,2,1,2,3,1,0,0,0
42,0,1,635,2,1,1,1,2,1,99,3,2,3,1,4907,24532,1,0,25,4,3,0,20,3,3,20,16,11,6
29,1,1,806,1,7,3,5,2,0,39,3,1,3,2,3339,17285,3,1,13,3,1,2,10,2,3,7,7,7,7
30,1,2,109,1,5,3,3,2,0,60,3,1,2,0,2422,25725,0,0,17,3,1,0,4,3,3,3,2,1,2
33,0,2,827,1,1,4,4,3,0,84,4,2,2,1,5488,20161,1,1,13,3,1,1,6,2,3,6,5,1,2
37,0,1,367,1,25,2,3,3,0,52,2,2,4,2,5731,17171,7,0,13,3,3,2,9,2,3,6,2,1,3
41,0,0,256,2,10,2,3,3,1,40,1,2,2,0,6151,22074,1,0,13,3,1,0,19,4,3,19,2,11,9
31,0,2,715,2,2,4,4,4,1,54,3,2,1,0,5332,21602,7,0,13,3,4,0,10,3,3,5,2,0,3
45,0,1,1448,1,29,3,5,2,1,55,3,3,4,1,9380,14720,4,1,18,3,4,2,10,4,4,3,1,1,2
20,0,1,1141,2,2,3,3,3,0,31,3,1,3,0,2783,13251,1,0,19,3,1,0,2,3,3,2,2,2,2
33,0,1,922,1,1,5,3,1,0,95,4,4,3,2,16184,22578,4,0,19,3,3,1,10,2,3,6,1,0,5
42,0,2,570,1,8,3,1,2,1,66,3,5,4,2,18430,16225,1,0,13,3,2,1,24,4,2,24,7,14,9
41,0,2,857,1,10,3,1,4,1,91,2,4,1,2,17181,12888,4,0,13,3,2,1,21,2,2,7,6,7,7
22,0,1,1256,1,19,1,3,3,1,80,3,1,4,1,2323,11992,1,0,24,4,1,2,2,6,3,2,2,2,2
53,1,1,607,1,2,5,5,3,0,78,2,3,4,1,10169,14618,0,0,16,3,2,1,34,4,3,33,7,1,9
44,0,1,1448,2,28,3,3,4,0,53,4,4,4,1,13320,11737,3,1,18,3,3,1,23,2,3,12,11,11,11
34,0,1,1351,1,1,4,1,2,1,45,3,2,4,1,5484,13008,9,0,17,3,2,1,9,3,2,2,2,2,1
29,0,1,942,1,15,1,1,2,0,69,1,1,4,1,2168,26933,0,1,18,3,1,1,6,2,2,5,4,1,3
31,1,2,1060,2,1,3,1,4,0,54,3,1,2,0,2302,8319,1,1,11,3,1,0,3,2,4,3,2,2,2
41,0,0,552,0,4,3,0,3,1,60,1,2,2,1,6430,20794,6,0,19,3,2,1,10,4,3,3,2,1,2
37,0,1,342,2,16,4,2,4,1,66,2,2,3,2,6334,24558,4,0,19,3,4,2,9,2,3,1,0,0,0
34,0,2,702,1,16,4,1,3,0,100,2,1,4,0,2553,8306,1,0,16,3,3,0,6,3,3,5,2,1,3
27,0,0,1450,1,3,3,3,3,1,79,2,1,3,2,2566,25326,1,1,15,3,4,1,1,2,2,1,1,0,1
50,0,2,1115,1,1,3,1,1,0,73,3,5,2,1,18172,9755,3,1,19,3,1,0,28,1,2,8,3,0,7
40,0,0,218,1,8,1,3,4,1,55,2,3,2,2,13757,25178,2,0,11,3,3,1,16,5,3,9,8,4,8
44,0,1,625,1,4,3,3,4,1,50,3,2,2,0,5933,5197,9,0,12,3,4,0,10,2,2,5,2,2,3
45,0,1,1005,1,28,2,5,4,0,48,2,4,2,0,16704,17119,1,0,11,3,3,0,21,2,3,21,6,8,6
47,0,1,1482,1,5,5,1,4,1,42,3,5,3,1,18300,16375,4,0,11,3,2,1,21,2,3,3,2,1,1
30,1,2,448,2,12,4,1,2,1,74,2,1,1,1,2033,14470,1,0,18,3,3,1,1,2,4,1,0,0,0
22,0,1,604,1,6,1,3,1,1,69,3,1,3,1,2773,12145,0,0,20,4,4,0,3,3,3,2,2,2,2
39,0,0,1251,2,21,4,1,1,0,32,1,2,3,1,5736,3987,6,0,19,3,3,1,10,1,3,3,2,1,2
46,0,2,638,1,1,3,3,3,1,40,2,3,1,1,10673,3142,2,1,13,3,3,1,21,5,2,10,9,9,5
28,0,1,950,1,3,3,3,4,0,93,3,3,2,2,7655,8039,0,0,17,3,2,3,10,3,2,9,7,1,7
46,0,1,1125,2,10,3,2,3,0,94,2,3,4,1,9071,11563,2,1,19,3,3,1,15,3,3,3,2,1,2
38,0,2,888,0,10,4,0,3,1,71,3,2,3,1,6077,14814,3,0,11,3,3,0,10,2,3,6,3,1,2
27,0,2,994,2,8,3,1,4,1,37,3,3,3,0,8726,2975,1,0,15,3,4,0,9,0,3,9,8,1,7
22,1,2,1256,1,3,4,1,3,1,48,2,1,4,1,2853,4223,0,1,11,3,2,1,1,5,3,0,0,0,0
46,0,0,849,2,26,2,1,2,1,98,2,2,2,0,7991,25166,8,0,15,3,3,0,6,3,3,2,2,2,2
40,0,1,329,1,1,4,1,2,1,88,3,1,2,1,2387,6762,3,0,22,4,3,1,7,3,3,4,2,0,3
33,0,0,722,2,17,3,1,4,1,38,3,4,3,0,17444,20489,1,0,11,3,4,0,10,2,3,10,8,6,0
44,0,1,1037,1,1,3,3,2,1,42,3,1,4,0,2436,13422,6,1,12,3,3,0,6,2,3,4,3,1,2
55,0,1,189,0,26,4,0,3,1,71,4,5,2,1,19636,25811,4,1,18,3,1,1,35,0,3,10,9,1,4
38,0,2,1186,1,3,4,4,3,1,44,3,1,3,1,2821,2997,3,0,16,3,1,1,8,2,3,2,2,2,2
25,0,1,1356,2,10,4,1,3,1,57,3,2,4,0,4950,20623,0,0,14,3,2,0,5,4,3,4,3,1,1
53,0,1,346,1,6,3,1,4,1,86,3,2,4,0,2450,10919,2,0,17,3,4,0,19,4,3,2,2,2,2
33,0,2,1303,1,7,2,1,4,1,36,3,2,3,2,5968,18079,1,0,20,4,3,3,9,2,3,9,7,2,8
36,1,1,318,1,9,3,3,4,1,79,2,1,3,1,3388,21777,0,1,17,3,1,1,2,0,2,1,0,0,0
33,1,2,1076,1,3,3,1,1,1,70,3,1,1,0,3348,3164,1,1,11,3,1,0,10,3,3,10,8,9,7
33,0,2,1296,1,6,3,1,3,1,30,3,2,4,2,7725,5335,3,0,23,4,3,1,15,2,1,13,11,4,7
37,0,1,1192,1,5,2,3,4,1,61,3,2,4,2,6347,23177,7,0,16,3,3,2,8,2,2,6,2,0,4
33,0,1,147,1,4,4,3,3,0,47,2,1,2,1,2622,13248,6,0,21,4,4,0,7,3,3,3,2,1,1
30,0,1,1427,1,2,1,3,2,1,35,2,1,4,0,2720,11162,0,0,13,3,4,0,6,3,3,5,3,1,2
57,0,1,405,1,1,2,1,2,1,93,4,2,3,1,4900,2721,0,0,24,4,1,1,13,2,2,12,9,2,8
50,0,2,1234,1,20,5,3,2,1,41,3,4,3,1,11245,20689,2,1,15,3,3,1,32,3,3,30,8,12,13
34,0,0,697,1,3,4,1,3,1,40,2,1,4,1,2979,22478,3,0,17,3,4,3,6,2,3,0,0,0,0
35,0,1,1017,1,6,4,1,2,1,82,1,2,4,0,6646,19368,1,0,13,3,2,0,17,3,3,17,11,11,8
45,0,0,589,2,2,4,1,3,0,67,3,2,3,1,5154,19665,4,0,22,4,2,2,10,3,4,8,7,5,7
33,0,1,134,1,2,3,1,3,1,90,3,1,4,0,2500,10515,0,0,14,3,1,0,4,2,4,3,1,0,2
48,0,0,1262,1,1,4,3,1,1,35,4,4,4,0,16885,16154,2,0,22,4,3,0,27,3,2,5,4,2,1
38,0,1,702,2,1,4,1,1,0,59,2,2,4,0,8686,12930,4,0,22,4,3,0,12,2,4,8,3,0,7
21,1,1,337,2,7,1,2,2,1,31,3,1,2,0,2679,4567,1,0,13,3,2,0,1,3,3,1,0,1,0
48,0,2,117,1,22,3,3,4,0,58,3,4,4,2,17174,2437,3,0,11,3,2,1,24,3,3,22,17,4,7
49,0,1,470,1,20,4,3,3,0,96,3,2,1,1,6567,5549,1,0,14,3,3,0,16,2,2,15,11,5,11
51,0,1,313,1,3,3,3,4,0,98,3,4,2,0,13734,7192,3,0,18,3,3,0,21,6,3,7,7,1,0
51,1,2,1150,1,8,4,1,1,1,53,1,3,4,0,10650,25150,2,0,15,3,4,0,18,2,3,4,2,0,3
28,0,1,1172,2,3,3,3,2,0,78,3,1,2,1,2856,3692,1,0,19,3,4,1,1,3,3,1,0,0,0
54,0,1,685,1,3,3,1,4,1,85,3,4,4,1,17779,23474,3,0,14,3,1,0,36,2,3,10,9,0,9
42,0,0,926,1,21,2,3,3,0,36,3,2,3,2,5265,16439,2,0,16,3,2,1,11,5,3,5,3,0,2
49,0,2,636,1,10,4,1,3,0,35,3,5,1,0,18665,25594,9,1,11,3,4,0,22,4,3,3,2,1,2
50,1,1,869,2,3,2,2,1,1,86,2,1,3,1,2683,3810,1,1,14,3,3,0,3,2,3,3,2,0,2
37,0,1,124,1,3,3,4,4,0,35,3,2,2,0,4107,13848,3,0,15,3,1,0,8,3,2,4,3,0,1
59,0,1,818,0,6,2,3,2,1,52,3,1,3,1,2267,25657,8,0,17,3,4,0,7,2,2,2,2,2,2
29,1,1,341,2,1,3,3,2,0,48,2,1,3,2,2800,23522,6,1,19,3,3,3,5,3,3,3,2,0,2
39,1,1,895,2,5,3,5,4,1,56,3,2,4,1,2086,3335,3,0,14,3,3,1,19,6,4,1,0,0,0
38,1,1,903,1,2,3,3,3,1,81,3,2,2,1,4855,7653,4,0,11,3,1,2,7,2,3,5,2,1,4
35,0,1,287,1,1,4,1,3,0,62,1,1,4,1,2977,8952,1,0,12,3,4,1,4,5,3,4,3,1,1
28,1,2,289,1,2,2,3,3,1,38,2,1,1,0,2561,5355,7,0,11,3,3,0,8,2,2,0,0,0,0
30,0,1,1329,2,29,4,1,3,1,61,3,2,1,2,4115,13192,8,0,19,3,3,3,8,3,3,4,3,0,3
38,0,1,343,1,15,2,1,3,1,92,2,3,4,2,11510,15682,0,1,14,3,2,1,12,3,3,11,10,2,9
31,1,2,561,1,3,3,1,4,0,33,3,1,3,0,4084,4156,1,0,12,3,1,0,7,2,1,7,2,7,7
38,0,1,1084,1,29,3,5,4,1,54,3,2,4,1,6261,4185,3,0,18,3,1,1,9,3,1,7,7,1,7
46,0,1,1009,1,2,3,1,1,1,51,3,4,3,1,17861,2288,6,0,13,3,3,0,26,2,1,3,2,0,1
41,0,1,930,2,3,3,1,3,1,57,2,2,2,2,8938,12227,2,0,11,3,3,1,14,5,3,5,4,0,4
20,0,1,654,2,21,3,2,3,1,43,4,1,4,0,2678,5050,1,0,17,3,4,0,2,2,3,2,1,2,2
30,0,1,153,1,8,2,1,2,0,73,4,3,1,1,11416,17802,0,1,12,3,3,3,9,4,2,8,7,1,7
59,0,1,1429,1,18,4,3,4,1,67,3,3,4,0,10512,20002,6,0,12,3,4,0,25,6,2,9,7,5,4
35,0,1,1232,2,16,3,2,3,1,96,3,3,2,1,8020,5100,0,0,15,3,3,2,12,3,2,11,9,6,9
32,0,1,548,1,1,3,1,2,1,66,3,2,2,1,6220,7346,1,0,17,3,2,2,10,3,3,10,4,0,9
38,0,1,770,2,10,4,2,3,1,73,2,3,3,2,8740,5569,0,1,14,3,2,2,9,2,3,8,7,2,7
42,1,2,933,1,19,3,3,3,1,57,4,1,3,2,2759,20366,6,1,12,3,4,0,7,2,3,2,2,2,2
39,0,1,524,1,18,2,1,1,1,32,3,2,3,0,4534,13352,0,0,11,3,1,0,9,6,3,8,7,1,7
44,0,1,170,1,1,4,1,2,1,78,4,2,1,1,5033,9364,2,0,15,3,4,1,10,5,3,2,0,2,2
48,0,1,1224,1,10,3,1,4,1,91,2,5,2,1,19665,13583,4,0,12,3,4,0,29,3,3,22,10,12,9
30,1,1,945,2,9,3,3,2,1,89,3,1,4,0,1081,16019,1,0,13,3,3,0,1,3,2,1,0,0,0
49,0,1,174,2,8,4,5,4,1,56,2,4,2,1,13120,11879,6,0,17,3,2,1,22,3,3,9,8,2,3
21,1,1,1427,1,18,1,4,4,0,65,3,1,4,0,2693,8870,1,0,19,3,1,0,1,3,2,1,0,0,0
32,0,1,371,2,19,3,1,4,1,80,1,3,3,1,9610,3840,3,0,13,3,3,1,10,2,1,4,3,0,2
29,0,1,726,1,29,1,1,4,1,93,1,2,3,2,6384,21143,8,0,17,3,4,2,11,3,3,7,0,1,6
30,0,2,1012,1,5,4,1,2,1,75,2,1,4,2,3761,2373,9,0,12,3,2,1,10,3,2,5,4,0,3
35,1,1,737,2,10,3,3,4,1,55,2,3,1,1,10306,21530,9,0,17,3,3,0,15,3,3,13,12,6,0
27,0,2,1242,2,20,3,1,4,0,90,3,2,3,0,9981,12916,1,0,14,3,4,0,7,2,3,7,7,0,7
31,0,1,1398,0,8,2,3,4,0,96,4,1,2,0,2109,24609,9,0,18,3,4,0,8,3,3,3,2,0,2
55,0,1,836,1,2,4,5,2,1,98,2,1,4,1,2662,7975,8,0,20,4,2,1,19,2,4,5,2,0,4
33,0,1,217,2,10,4,2,2,1,43,3,2,3,0,5487,10410,1,0,14,3,2,0,10,2,2,10,4,0,9
18,0,0,287,1,5,2,1,2,1,73,3,1,4,0,1051,13493,1,0,15,3,4,0,0,2,3,0,0,0,0
53,0,1,1376,2,2,2,3,3,1,45,3,4,3,2,14852,13938,6,0,13,3,3,1,22,3,4,17,13,15,2
37,0,0,1413,1,5,2,5,3,1,84,4,1,3,0,3500,25470,0,0,14,3,1,0,7,2,1,6,5,1,3
54,0,1,157,1,10,3,3,3,0,77,3,2,1,0,4440,25198,6,1,19,3,4,0,9,3,3,5,2,1,4
33,1,1,813,1,14,3,3,3,1,58,3,1,4,1,2436,22149,5,1,13,3,3,1,8,2,1,5,4,0,4
29,1,2,337,1,14,1,4,3,0,84,3,3,4,0,7553,22930,0,1,12,3,1,0,9,1,3,8,7,7,7
40,0,1,1202,1,2,1,3,2,0,89,4,2,3,2,6377,13888,5,0,20,4,2,3,15,0,3,12,11,11,8
45,0,1,1339,1,7,3,1,2,1,59,3,3,1,2,9724,18787,2,0,17,3,3,1,25,2,3,1,0,0,0
34,1,1,699,1,6,1,3,2,1,83,3,1,1,0,2960,17102,2,0,11,3,3,0,8,2,3,4,2,1,3
30,1,2,334,2,26,4,2,3,0,52,2,2,1,0,6696,22967,5,0,15,3,3,0,9,5,2,6,3,0,1
43,0,2,1082,1,27,3,1,3,0,83,3,3,1,1,10820,11535,8,0,11,3,3,1,18,1,3,8,7,0,1
48,0,1,277,1,6,3,1,1,1,97,2,2,3,0,4240,13119,2,0,13,3,4,0,19,0,3,2,2,2,2
18,1,2,544,2,3,2,3,2,0,70,3,1,4,0,1569,18420,1,1,12,3,3,0,0,2,4,0,0,0,0
34,1,2,658,1,7,3,1,1,1,66,1,2,3,0,6074,22887,1,1,24,4,4,0,9,3,3,9,7,0,6
41,0,1,465,1,14,3,1,1,1,56,3,1,3,2,2451,4609,4,0,12,3,1,1,13,2,3,9,8,1,8
42,0,0,335,1,23,2,1,4,1,37,2,2,3,0,4332,14811,1,0,12,3,4,0,20,2,3,20,9,3,7
36,0,2,635,1,18,1,3,2,0,73,3,1,4,0,2153,7703,1,0,13,3,1,0,8,2,3,8,1,1,7
21,0,1,996,1,3,2,3,4,1,100,2,1,3,0,3230,10531,1,0,17,3,1,0,3,4,4,3,2,1,0
27,0,1,1240,1,2,4,1,4,0,33,3,1,1,2,2341,19715,1,0,13,3,4,1,1,6,3,1,0,0,0
33,1,1,118,2,16,3,2,1,0,69,3,2,1,0,5324,26507,5,0,15,3,3,0,6,3,3,3,2,0,2
32,1,1,414,2,2,4,2,3,1,82,2,2,2,0,9907,26186,7,1,12,3,3,0,7,3,2,2,2,2,2
24,1,1,693,2,3,2,1,1,0,65,3,2,3,0,4577,24785,9,0,14,3,1,0,4,3,3,2,2,2,0
38,0,1,688,1,23,4,1,4,1,82,3,2,4,2,5745,18899,9,0,14,3,2,1,10,2,3,2,2,1,2
32,1,0,1474,2,11,4,4,4,1,60,4,2,3,1,4707,23914,8,0,12,3,4,0,6,2,3,4,2,1,2
33,0,0,750,2,22,2,2,3,1,95,3,2,2,1,6146,15480,0,0,13,3,1,1,8,2,4,7,7,0,7
36,0,2,884,1,23,2,3,3,1,41,4,2,4,1,2571,12290,4,0,17,3,3,1,17,3,3,5,2,0,3
34,0,1,181,1,2,4,3,4,1,97,4,1,4,1,2932,5586,0,1,14,3,1,3,6,3,3,5,0,1,2
44,1,1,621,1,15,3,3,1,0,73,3,3,4,1,7978,14075,1,0,11,3,4,1,10,2,3,10,7,0,5
33,0,1,1198,1,1,4,4,3,1,100,2,1,1,0,2799,3339,3,1,11,3,2,0,6,1,3,3,2,0,2
30,0,1,241,1,7,3,3,2,1,48,2,1,2,1,2141,5348,1,0,12,3,2,1,6,3,2,6,4,1,1
30,0,1,1465,1,1,3,3,4,1,63,3,1,2,1,3579,9369,0,1,21,4,1,1,12,2,3,11,9,5,7
56,0,1,206,0,8,4,1,4,1,99,3,5,2,0,19717,4022,6,0,14,3,1,0,36,4,3,7,3,7,7
53,0,1,1282,1,5,3,4,3,0,58,3,5,3,2,19094,10735,4,0,11,3,4,1,26,3,2,14,13,4,8
35,0,1,1349,1,7,2,1,3,1,63,2,1,4,1,2690,7713,1,0,18,3,4,1,1,5,2,1,0,0,1
19,0,1,1181,1,3,1,3,2,0,79,3,1,2,0,1483,16102,1,0,14,3,4,0,1,3,3,1,0,0,0
42,0,1,603,1,7,4,3,2,0,78,4,2,2,1,2372,5628,6,1,16,3,4,0,18,2,3,1,0,0,0
49,0,1,301,1,22,4,4,1,0,72,3,4,2,1,16413,3498,3,0,16,3,2,2,27,2,3,4,2,1,2
45,0,0,805,1,4,2,1,3,1,57,3,2,2,1,4447,23163,1,0,12,3,2,0,9,5,2,9,7,0,8
26,0,1,1384,1,3,4,3,1,1,82,4,1,4,1,4420,13421,1,0,22,4,2,1,8,2,3,8,7,0,7
27,0,1,1103,1,14,3,1,1,1,42,3,1,1,1,2235,14377,1,1,14,3,4,2,9,3,2,9,7,6,8
28,1,1,890,1,2,4,3,3,1,46,3,1,3,0,4382,16374,6,0,17,3,4,0,5,3,2,2,2,2,1
47,0,1,465,1,1,3,5,1,1,74,3,1,4,1,3420,10205,7,0,12,3,3,1,17,2,2,6,5,1,2
30,0,1,1240,0,9,3,0,3,1,48,3,2,4,1,6347,13982,0,1,19,3,4,0,12,2,1,11,9,4,7
52,1,1,266,2,2,1,2,1,0,57,1,5,4,1,19845,25846,1,0,15,3,4,1,33,3,3,32,14,6,9
39,0,1,1253,1,10,1,3,3,1,65,3,3,3,0,13464,7914,7,0,21,4,3,0,9,3,3,4,3,2,2
26,0,1,652,1,7,3,4,3,1,100,4,1,1,0,3578,23577,0,0,12,3,4,0,8,2,3,7,7,0,7
28,1,1,1157,1,2,4,3,1,1,84,1,1,4,1,3464,24737,5,1,13,3,4,0,5,4,2,3,2,2,2
31,0,1,140,1,12,1,3,3,0,95,3,1,4,1,3929,6984,8,1,23,4,3,1,7,0,3,4,2,0,2
38,0,1,1153,1,6,2,4,4,0,40,2,1,3,1,3702,16376,1,0,11,3,2,1,5,3,3,5,4,0,4
31,0,1,828,2,2,1,1,2,1,77,3,2,4,0,6582,8346,4,1,13,3,3,0,10,2,4,6,5,0,5
49,1,1,1184,2,11,3,2,3,0,43,3,3,4,1,7654,5860,1,0,18,3,1,2,9,3,4,9,8,7,7
53,0,1,447,1,2,3,3,4,1,39,4,4,2,0,16598,19764,4,0,12,3,2,0,35,2,2,9,8,8,8
18,1,1,230,1,3,3,1,3,1,54,3,1,3,0,1420,25233,1,0,13,3,3,0,0,2,3,0,0,0,0
43,0,0,343,1,9,3,1,1,1,52,3,1,3,0,2438,24978,4,0,13,3,3,0,7,2,2,3,2,1,2
29,0,2,461,1,1,3,1,4,1,70,4,2,3,0,6294,23060,8,1,12,3,4,0,10,5,4,3,2,0,2
32,0,1,1093,2,6,4,3,2,1,87,3,2,3,0,5010,24301,1,0,16,3,1,0,12,0,3,11,8,5,7
22,1,1,391,1,7,1,1,4,1,75,3,1,2,0,2472,26092,1,1,23,4,1,0,1,2,3,1,0,0,0
32,0,0,300,1,1,3,1,4,1,61,3,1,4,2,2314,9148,0,0,12,3,2,1,4,2,3,3,0,0,2
40,0,1,750,1,12,3,1,2,0,47,3,2,1,2,4448,10748,2,0,12,3,2,1,15,3,3,7,4,7,7
44,1,2,920,1,24,3,1,4,1,43,3,1,3,2,3161,19920,3,1,22,4,4,1,19,0,1,1,0,0,0
42,0,1,622,1,2,4,1,3,0,81,3,2,4,1,4089,5718,1,0,13,3,2,2,10,4,3,10,2,2,2
48,0,1,163,2,2,5,2,2,0,37,3,2,4,1,4051,19658,2,0,14,3,1,1,14,2,3,9,7,6,7
34,0,1,1157,1,5,2,3,2,1,57,2,2,4,1,3986,11912,1,0,14,3,3,1,15,3,4,15,10,4,13
33,0,0,530,2,16,3,1,3,0,36,3,2,4,2,5368,16130,1,1,25,4,3,1,7,2,3,6,5,1,2
37,0,0,728,1,1,4,3,1,0,80,3,3,4,2,13603,11677,2,1,18,3,1,2,15,2,3,5,2,0,2
52,0,1,994,1,7,4,1,2,1,87,3,3,2,0,10445,15322,7,0,19,3,4,0,18,4,3,8,6,4,0
21,0,1,546,1,5,1,3,3,1,97,3,1,4,0,3117,26009,1,0,18,3,3,0,3,2,3,2,2,2,2
26,0,0,786,1,7,3,3,4,1,76,3,1,4,0,2570,11925,1,0,20,4,3,0,7,5,3,7,7,5,7
30,0,1,125,1,9,2,3,4,1,83,2,1,3,0,2206,16117,1,0,13,3,1,0,10,5,3,10,0,1,8
29,0,1,598,1,9,3,1,3,1,91,4,1,3,1,2451,22376,6,0,18,3,1,2,5,2,2,1,0,0,0
38,0,1,849,1,25,2,1,1,0,81,2,3,2,1,12061,26707,3,0,17,3,3,1,19,2,3,10,8,0,1
46,0,1,430,1,1,4,3,4,1,40,3,5,4,2,19627,21445,9,0,17,3,4,2,23,0,3,2,2,2,2
29,0,1,153,1,15,2,1,4,0,49,2,2,3,0,4193,12682,0,1,12,3,4,0,10,3,3,9,5,0,8
33,0,2,1146,2,25,3,3,2,0,82,3,2,3,1,4539,4905,1,0,12,3,1,1,10,3,2,10,7,0,1
47,0,1,571,2,14,3,3,3,0,78,3,2,3,1,4591,24200,3,1,17,3,3,1,11,4,2,5,4,1,2
23,0,1,541,2,2,1,5,3,1,62,3,1,1,2,2322,9518,3,0,13,3,3,1,3,3,3,0,0,0,0
46,0,1,1003,1,8,4,1,4,0,74,2,2,1,2,4615,21029,8,1,23,4,1,3,19,2,3,16,13,1,7
24,1,2,381,1,9,3,3,2,1,89,3,1,1,0,3172,16998,2,1,11,3,3,0,4,2,2,0,0,0,0
35,0,2,1199,1,18,4,1,3,1,80,3,2,3,1,5689,24594,1,1,14,3,4,2,10,2,4,10,2,0,2
23,0,1,507,1,20,1,1,1,1,97,3,2,3,0,2272,24812,0,0,14,3,2,0,5,2,3,4,3,1,2
55,0,1,1229,1,4,4,1,4,1,30,3,2,3,1,4035,16143,0,1,16,3,2,0,4,2,3,3,2,1,2
30,0,1,1176,1,20,3,4,3,1,85,3,2,1,1,9957,9096,0,0,15,3,3,1,7,1,2,6,2,0,2
33,1,1,527,1,1,4,4,4,1,63,3,1,4,0,2686,5207,1,1,13,3,3,0,10,2,2,10,9,7,8
46,0,1,644,1,1,4,3,4,1,97,3,3,1,2,9396,12368,7,0,16,3,3,1,17,3,3,4,2,0,3
29,0,1,469,2,10,3,3,3,1,42,2,2,3,0,5869,23413,9,0,11,3,3,0,8,2,3,5,2,1,4
27,0,1,1055,1,2,4,1,1,0,47,3,2,4,1,4227,4658,0,0,18,3,2,1,4,2,3,3,2,2,2
29,0,1,1252,1,23,2,1,3,1,81,4,1,3,1,2700,23779,1,0,24,4,3,1,10,3,3,10,7,0,7
51,0,1,684,1,6,3,1,1,1,51,3,5,3,0,19537,6462,7,0,13,3,3,0,23,5,3,20,18,15,15
22,0,1,217,1,8,1,1,2,1,94,1,1,1,1,2451,6881,1,0,15,3,1,1,4,3,2,4,3,1,1
30,0,0,879,1,9,2,3,3,0,72,3,2,3,0,4695,12858,7,1,18,3,3,0,10,3,3,8,4,1,7
58,0,1,682,2,10,4,3,4,1,37,3,4,3,0,13872,24409,0,0,13,3,3,0,38,1,2,37,10,1,8
36,0,1,329,1,2,3,1,4,0,96,3,1,3,1,2543,11868,4,0,13,3,2,1,6,3,3,2,2,2,2
43,0,2,957,1,28,3,3,2,0,72,4,1,3,0,4739,16090,4,0,12,3,4,0,18,2,3,3,2,1,2
21,0,1,391,1,15,2,1,3,1,96,3,1,4,0,1232,19281,1,0,14,3,4,0,0,6,3,0,0,0,0
26,0,1,1167,2,5,3,4,4,0,30,2,1,3,0,2966,21378,0,0,18,3,4,0,5,2,3,4,2,0,0
29,0,1,1090,2,10,3,2,4,1,83,3,1,2,2,2297,17967,1,0,14,3,4,2,2,2,3,2,2,2,2
21,1,1,156,2,12,3,1,3,0,90,4,1,2,0,2716,25422,1,0,15,3,4,0,1,0,3,1,0,0,0
22,0,1,253,1,11,3,3,1,0,43,3,1,2,1,2244,24440,1,0,13,3,4,1,2,1,3,2,1,1,2
49,0,0,1002,1,18,4,1,4,1,92,3,2,4,2,6804,23793,1,1,15,3,1,2,7,0,3,7,7,1,7
34,0,1,131,2,2,3,2,3,0,86,3,2,1,0,4538,6039,0,1,12,3,4,0,4,3,3,3,2,0,2
40,1,1,575,2,22,2,2,3,1,68,2,2,3,1,6380,6110,2,1,12,3,1,2,8,6,3,6,4,1,0
35,0,1,817,1,1,3,3,4,0,60,2,2,4,1,5363,10846,0,0,12,3,2,1,10,0,3,9,7,0,0
40,0,1,759,2,2,2,2,4,0,46,3,2,2,2,5715,22553,7,0,12,3,3,2,8,5,3,5,4,1,3
39,0,0,439,1,9,3,1,3,1,70,3,2,2,0,6782,8770,9,0,15,3,3,0,9,2,2,5,4,0,3
43,0,2,1422,2,2,4,1,1,1,92,3,2,4,1,5675,19246,1,0,20,4,3,1,7,5,3,7,7,7,7
42,0,1,269,1,2,3,3,4,0,56,2,1,1,2,2593,8007,0,1,11,3,3,1,10,4,3,9,6,7,8
45,0,0,1238,1,1,1,1,3,1,74,2,3,3,1,10748,3395,3,0,23,4,4,1,25,3,2,23,15,14,4
38,0,1,1245,2,14,3,1,3,1,80,3,2,2,1,9924,12355,0,0,11,3,4,1,10,3,3,9,8,7,7
32,0,1,120,1,6,5,1,3,1,43,3,1,3,0,3038,12430,3,0,20,4,1,0,8,2,3,5,4,1,4
29,0,1,352,0,6,1,3,4,1,87,2,1,2,1,2804,15434,1,0,11,3,4,0,1,3,3,1,0,0,0
34,0,1,167,1,8,5,1,2,0,32,3,2,1,2,5121,4187,3,0,14,3,3,1,7,3,3,0,0,0,0
27,0,1,1469,1,1,2,3,4,1,82,3,1,2,2,3816,17881,1,0,11,3,2,1,5,2,3,5,2,0,4
19,0,1,265,1,25,3,1,2,0,57,4,1,4,0,2994,21221,1,1,12,3,4,0,1,2,3,1,0,0,1
47,0,1,955,2,4,2,1,4,0,83,3,2,4,0,4163,8571,1,1,17,3,3,0,9,0,3,9,0,0,7
35,1,1,1204,2,4,3,5,4,1,86,3,3,1,0,9582,10333,0,1,22,4,1,0,9,2,3,8,7,4,7
42,0,0,495,1,2,1,1,3,1,37,3,4,3,1,17861,26582,0,1,13,3,4,0,21,3,2,20,8,2,10
30,0,1,979,2,15,2,2,3,1,94,2,3,1,2,7140,3088,2,0,11,3,1,1,12,2,3,7,7,1,7
35,1,1,763,2,15,2,3,1,1,59,1,2,4,2,5440,22098,6,1,14,3,4,2,7,2,2,2,2,2,2
48,1,2,708,2,7,2,3,4,0,95,3,1,3,1,2655,11740,2,1,11,3,3,2,19,3,3,9,7,7,7
28,0,1,1179,1,19,4,3,4,1,78,2,1,1,1,3196,12449,1,0,12,3,3,3,6,2,3,6,5,3,3
18,0,0,1124,1,1,3,1,4,0,97,3,1,4,0,1611,19305,1,0,15,3,3,0,0,5,4,0,0,0,0
39,0,1,170,1,3,2,3,3,1,76,2,2,3,2,3069,10302,0,0,15,3,4,1,11,3,3,10,8,0,7
32,0,1,801,2,1,4,2,3,0,48,3,3,4,1,10422,24032,1,0,19,3,3,2,14,3,3,14,10,5,7
49,0,1,271,1,3,2,3,3,0,43,2,2,1,1,4789,23070,4,0,25,4,1,1,10,3,3,3,2,1,2
34,0,1,507,2,15,2,3,3,0,66,3,2,1,0,6125,23553,1,0,12,3,4,0,10,6,4,10,8,9,6
55,0,0,444,1,2,1,3,3,1,40,2,4,1,0,16756,17323,7,0,15,3,2,0,31,3,4,9,7,6,2
30,0,1,1275,1,28,2,3,4,0,64,3,2,4,1,5775,11934,1,0,13,3,4,2,11,2,3,10,8,1,9
40,0,1,905,1,19,2,3,3,1,99,3,2,4,1,2741,16523,8,1,15,3,3,1,15,2,4,7,2,3,7
34,0,1,1153,1,1,2,3,1,1,94,3,2,2,1,4325,17736,1,0,15,3,3,0,5,2,3,5,2,1,3
36,0,1,1278,0,8,3,1,1,1,77,2,1,1,1,2342,8635,0,0,21,4,3,0,6,3,3,5,4,0,3
33,0,1,536,2,10,5,2,4,1,82,4,3,3,2,8380,21708,0,1,14,3,4,2,10,3,3,9,8,0,8
35,0,1,950,1,7,3,4,3,1,59,3,3,3,0,10221,18869,3,0,21,4,2,0,17,3,4,8,5,1,6
37,0,0,1063,1,25,5,3,2,0,72,3,2,3,1,4449,23866,3,1,15,3,1,2,15,2,3,13,11,10,7
51,0,1,632,2,21,4,2,3,1,71,3,2,4,0,5441,8423,0,1,22,4,4,0,11,2,1,10,7,1,0
30,1,1,740,2,1,3,1,2,1,64,2,2,1,1,9714,5323,1,0,11,3,4,1,10,4,3,10,8,6,7
35,0,1,144,1,22,3,1,4,1,46,1,1,3,0,4230,19225,0,0,15,3,3,0,6,2,3,5,4,4,3
51,1,1,1323,1,4,4,1,1,1,34,3,1,3,1,2461,10332,9,1,12,3,3,3,18,2,4,10,0,2,7
45,0,0,336,2,26,3,2,1,1,52,2,2,1,1,4385,24162,1,0,15,3,1,1,10,2,3,10,7,4,5
36,0,1,506,1,3,3,5,3,1,30,3,2,2,0,4485,26285,4,0,12,3,4,0,10,2,3,8,0,7,7
35,0,1,1142,1,23,4,3,3,0,30,3,1,1,1,4014,16002,3,1,15,3,3,1,4,3,3,2,2,2,2
35,0,1,219,1,16,2,4,4,0,44,2,2,2,1,4788,25388,0,1,11,3,4,0,4,2,3,3,2,0,2
40,0,1,1416,1,2,2,3,1,1,49,3,5,3,2,19436,5949,0,0,19,3,4,1,22,5,3,21,7,3,9
35,0,0,1212,2,8,2,2,3,0,78,2,3,4,1,10377,13755,4,1,11,3,2,1,16,6,2,13,2,4,12
39,0,1,116,1,24,1,1,1,1,52,3,2,4,0,4108,5340,7,0,13,3,1,0,18,2,3,7,7,1,7
33,0,1,1099,1,4,4,3,1,0,82,2,1,2,1,3838,8192,8,0,11,3,4,0,8,5,3,5,4,0,2
42,0,1,201,1,1,4,1,2,0,95,3,1,1,2,2576,20490,3,0,16,3,2,1,8,5,3,5,2,1,2
40,0,1,1124,2,1,2,3,2,1,57,1,2,4,1,7457,13273,2,1,22,4,3,3,6,2,2,4,3,0,2
37,0,1,228,2,6,4,3,3,1,98,3,2,4,1,6502,22825,4,0,14,3,2,1,7,5,4,5,4,0,1
32,0,0,1109,1,29,4,3,4,0,69,3,1,3,0,4025,11135,9,0,12,3,2,0,10,2,3,8,7,7,7
29,1,1,224,1,1,4,5,1,1,100,2,1,1,0,2362,7568,6,0,13,3,3,0,11,2,1,9,7,0,7
42,0,1,557,1,18,4,1,4,1,35,3,2,1,2,5410,11189,6,1,17,3,3,1,9,3,2,4,3,1,2
22,0,1,594,1,2,1,5,3,1,100,3,1,4,1,2523,19299,0,0,14,3,3,1,3,2,3,2,1,2,1
33,0,2,970,2,7,3,1,4,0,30,3,2,2,1,4302,13401,0,0,17,3,3,1,4,3,3,3,2,0,2
44,0,1,477,1,7,4,3,1,0,42,2,3,4,1,10248,2094,3,0,14,3,4,1,24,4,3,22,6,5,17
55,0,1,1441,1,22,3,5,1,1,94,2,1,2,2,3537,23737,5,0,12,3,4,1,8,1,3,4,2,1,2
36,0,1,363,1,1,3,5,3,0,77,1,3,1,2,10252,4235,2,1,21,4,3,1,17,2,3,7,7,7,7
54,0,1,397,0,19,4,3,3,1,88,3,3,2,1,10725,6729,2,0,15,3,3,1,16,1,4,9,7,7,1
31,0,1,154,2,7,4,1,2,1,41,2,1,3,1,2329,11737,3,0,15,3,2,0,13,2,4,7,7,5,2
35,0,1,662,2,1,5,2,3,1,94,3,3,2,1,7295,11439,1,0,13,3,1,2,10,3,3,10,8,0,6
45,0,1,252,1,1,3,4,3,1,70,4,5,4,1,19202,15970,0,0,11,3,3,1,25,2,3,24,0,1,7
50,0,1,1126,1,1,2,3,4,1,66,3,4,4,2,17399,6615,9,0,22,4,3,1,32,1,2,5,4,1,3
44,0,0,381,1,24,3,3,1,1,49,1,1,3,0,3708,2104,2,0,14,3,3,0,9,5,3,5,2,1,4
47,0,2,217,2,3,3,3,4,0,49,3,4,3,2,13770,10225,9,1,12,3,4,2,28,2,2,22,2,11,13
49,0,1,1418,1,1,3,5,3,0,36,3,1,1,1,3580,10554,2,0,16,3,2,1,7,2,3,4,2,0,2
29,0,2,1404,2,20,3,5,3,0,84,3,1,4,1,2157,18203,1,0,15,3,2,1,3,5,3,3,1,0,2
38,0,0,1336,0,2,3,0,1,1,100,3,1,2,2,2592,7129,5,0,13,3,4,3,13,3,3,11,10,3,8
31,1,1,359,0,18,5,0,4,1,89,4,1,1,1,2956,21495,0,0,17,3,3,0,2,4,3,1,0,0,0
30,0,0,1398,2,22,4,4,3,0,69,3,3,1,1,8412,2890,0,0,11,3,3,0,10,3,3,9,8,7,8
23,0,1,373,1,1,2,1,4,1,47,3,1,3,1,1223,16901,1,0,22,4,4,1,1,2,3,1,0,0,1
40,1,1,1329,1,7,3,1,1,1,73,3,1,1,0,2166,3339,3,1,14,3,2,0,10,3,1,4,2,0,3
28,0,1,821,2,5,4,3,1,1,98,3,2,4,0,4908,24252,1,0,14,3,2,0,4,3,3,4,2,0,2
26,1,1,1330,1,21,3,3,1,1,37,3,1,3,2,2377,19373,1,0,20,4,3,1,1,0,2,1,1,0,0
41,0,1,582,1,28,4,1,1,0,60,2,4,2,1,13570,5640,0,0,23,4,3,1,21,3,3,20,7,0,10
23,1,1,1320,1,8,1,3,4,1,93,2,1,3,0,3989,20586,1,1,11,3,1,0,5,2,3,5,4,1,2
44,0,0,489,1,23,3,3,2,1,67,3,2,2,1,2042,25043,4,0,12,3,3,1,17,3,4,3,2,1,2
32,0,0,862,2,2,1,1,3,0,76,3,1,1,2,2827,14947,1,0,12,3,3,3,1,3,3,1,0,0,0
40,0,1,302,1,6,3,1,2,0,75,3,4,3,0,13237,20364,7,0,15,3,3,0,22,3,3,20,6,5,13
45,0,1,1234,2,11,2,1,4,0,90,3,4,4,1,17650,5404,3,0,13,3,2,1,26,4,4,9,3,1,1
56,0,1,1369,1,23,3,1,4,1,68,3,4,2,1,13402,18235,4,1,12,3,1,1,33,0,3,19,16,15,9
37,0,1,1189,2,3,3,1,3,1,87,3,3,4,0,7428,14506,2,0,12,3,1,0,12,3,3,5,3,1,3
21,1,1,1334,1,10,3,1,3,0,36,2,1,1,0,1416,17258,1,0,13,3,1,0,1,6,2,1,0,1,0
31,0,1,1082,1,1,4,3,3,1,87,3,1,2,0,2501,18775,1,0,17,3,2,0,1,4,3,1,1,1,0
40,0,2,902,1,26,2,3,3,0,92,2,2,4,1,4422,21203,3,1,13,3,4,1,16,3,1,1,1,0,0
27,0,2,294,1,10,2,1,4,1,32,3,3,1,2,8793,4809,1,0,21,4,3,2,9,4,2,9,7,1,7
43,1,1,1372,2,9,3,2,1,0,85,1,2,3,0,5346,9489,8,0,13,3,2,0,7,2,2,4,3,1,3
45,0,1,1268,2,4,2,1,3,0,30,3,2,1,2,5006,6319,4,1,11,3,1,1,9,3,4,5,4,0,3
51,0,1,432,1,9,4,1,4,1,96,3,1,4,1,2075,18725,3,0,23,4,2,2,10,4,3,4,2,0,3
39,0,1,141,0,3,3,0,3,0,44,4,2,2,1,6389,18767,9,0,15,3,3,1,12,3,1,8,3,3,6
39,0,1,903,2,2,5,1,1,1,41,4,3,3,0,7880,2560,0,0,18,3,4,0,9,3,3,8,7,0,7
39,0,1,117,1,10,1,3,3,1,99,3,4,1,1,17068,5355,1,1,14,3,4,0,21,3,3,21,9,11,10
41,0,1,642,1,1,3,1,4,1,76,3,1,4,1,2782,21412,3,0,22,4,1,1,12,3,3,5,3,1,0
32,0,1,859,1,4,3,1,3,0,98,2,2,3,1,6162,19124,1,0,12,3,3,1,14,3,3,14,13,6,8
40,0,1,1342,2,9,2,3,1,1,47,3,2,1,1,5473,19345,0,0,12,3,4,0,9,5,4,8,4,7,1
36,0,1,1041,0,13,3,0,3,1,36,3,1,2,1,2143,25527,4,0,13,3,2,1,8,2,3,5,2,0,4
38,0,1,322,2,7,2,3,1,0,44,4,2,1,2,5605,19191,1,1,24,4,3,1,8,3,3,8,0,7,7
31,1,2,1445,1,1,5,1,3,0,100,4,3,2,0,7446,8931,1,0,11,3,1,0,10,2,3,10,8,4,7
36,0,0,1351,1,9,4,1,1,1,66,4,1,2,1,2810,9238,1,0,22,4,2,0,5,3,3,5,4,0,2
34,0,1,1333,2,10,4,1,3,0,87,3,1,3,1,2220,18410,1,1,19,3,4,1,1,2,3,1,1,0,0
35,0,1,528,0,8,4,5,3,1,100,3,1,3,0,4323,7108,1,0,17,3,2,0,6,2,1,5,4,1,4
43,0,1,1179,2,2,3,3,4,1,73,3,2,4,1,7847,6069,1,1,17,3,1,1,10,3,3,10,9,8,8
38,0,1,268,1,2,5,3,4,1,92,3,1,3,1,3057,20471,6,1,13,3,2,1,6,0,1,1,0,0,1
40,0,1,658,2,10,4,2,1,1,67,2,3,2,2,9705,20652,2,0,12,3,2,1,11,2,2,1,0,0,0
